aa1		啊  呀  鴉  雅  丫  椏  啞  厊  枒  孲  錏
baa1		吧  爸  巴  叭  疤  芭  笆  葩  粑  峇  豝  蚆
caa1		差  叉  喳  杈  扠  嗏  艖  蹅  苴  鎈
daa1		打  咑
faa1		花  華  蘤  化  嘩  錵
gaa1		家  加  嘉  傢  枷  迦  嘎  噶  伽  袈  鎵  痂  葭  豭  尕  癿  泇  珈  笳  耞  跏  椵  犌  鴐  茄  猳  麚  瘕  釓  毠  貑
gwaa1		瓜  胍  緺  媧  腡  蝸  騧  呱  栝
haa1		哈  蝦  岈  閜  颬  呀  煆  鉿
kaa1		哈  卡  咖  佧  擖  喀  鉲
kwaa1		誇  垮  夸  姱  銙  跨  喎  侉  咼  胯  晇
laa1		拉  啦  喇  鞡  砬  剌  了
maa1		麼  嗎  媽  螞  嬤  孖  嚜  么
naa1		哪  南
ngaa1		鴉  丫  椏  雅
paa1		扒  趴  葩  跁  蚆  啪  舥
saa1		沙  紗  砂  啥  莎  卅  鯊  裟  痧  唦  逤  魦  挲  猀  硰
taa1		他  她  它  牠  祂  怹  鉈  佗
waa1		娃  哇  蛙  嘩  蝸  凹  窪  呱  洼  譁  汙  咼  窊  唲  窐  喎  漥  騧  挖  緺  豁  搳  鏵  污  划  溛
zaa1		抓  查  咱  渣  碴  楂  撾  柤  砟  偺  奓  挓  喒  樝  觰  皻  檛  髽  齇  喳  吒  簻  咋  浾  潳  抯  膼  蔖
aai1		哎  挨  唉  娭  埃  唲  噯
baai1		掰  拜  擘
caai1		差  猜  釵  搋  偲
daai1		呆  獃  待  騃
gaai1		階  街  佳  皆  偕  秸  楷  痎  喈  湝  蝔  薢  鍇  鞂  鶛
gwaai1		乖
haai1		哈  咳  揩  嗨  咍  欬
laai1		拉  孻
naai1		奶
ngaai1		娭  哎  唲  唉  挨  埃
taai1		呔
waai1		歪  崴  瀤  溾
zaai1		齋  齊  捚
aak1		軛  軶  握  扼  厄
baak1		迫
caak1		測  惻
daak1		咑
haak1		嚇  赫  黑  刻  克  剋  喀  煂
kaak1		緙
maak1		嚜
ngaak1		軶  眲  軛
paak1		啪
aam1		恰
caam1		參  攙  縿  辿  梫  驂  嵾  摻
daam1		擔  耽  湛  眈  聃  酖  儋  甔  娊  聸
gaam1		監  尷  緘  椷  礛
haam1		嵌
naam1		柟
saam1		三  參  衫  杉  芟  釤  仨  摻  幓  毿  穇  鬖  攕  縿  蔪  剼  蔘
taam1		探  貪  緂  撢
zaam1		簪  糌  詀  鐕  篸  臢  噆
aan1		殷
baan1		班  斑  頒  瘢  攽  斒  扳  鳻
caan1		餐
daan1		單  丹  殫  簞  匰  鄲  襌  勯  癉  砃
faan1		翻  番  幡  繙  犿  旛  轓  籓  反  返  拚  蕃  嬏  鱕
gaan1		間  艱  閒  奸  姦  菅  葌  蕑
gwaan1		關  綸  矜  鰥  瘝  莞  鱞
haan1		慳  掔  婜  顅
laan1		躝
paan1		攀  扳  眅  頒  砏
saan1		山  拴  珊  刪  跚  栓  姍  舢  閂  潸  挻  膻  羶  芟  柵  狦  埏
taan1		灘  攤  癱  坍  嘽  嘆  癉  潬  痑  譠  舑
waan1		灣  彎  睕  潫
aang1		罌  甖  罃
caang1		撐  瞠  倀  橕  爭  槍  噌  牚  鎗  鐺  傖  琤  錚  饓  鏿
gaang1		更  耕  粳
haang1		坑  夯  阬  錓
kwaang1		框  筐  眶
maang1		繃  絣
ngaang1		甖  罌  罃
paang1		淜  伻  烹  澎  亨  匉  泙  恲  軯  漰  抨  砰  嗙  怦  祊  硼  閍  駍
saang1		生  牲  甥  笙  胜  鼪  狌
zaang1		爭  丁  掙  睜  箏  猙  錚  崢  諍  琤  棦  鯖
daap1		嗒
kaat1		卡  咭
aau1		凹  坳  抓  咬  柪
baau1		包  胞  炮  鮑  苞  孢  枹  笣
caau1		鈔  抄  勦  罺  訬  搐  剿  劋
gaau1		教  交  膠  郊  蛟  茭  跤  鮫  鵁  轇  咬  嘐  艽  詨
haau1		敲  哮  磽  鄗  嘐  尻  烋  虓  猇  痚  嗃  毃  墝  骹  髐  吼  烤  拷  嚆  酵  髇  礉  涍  庨  髜  頝  灱  踍  穘  窙  墽
laau1		撈
maau1		貓
ngaau1		凹  坳  咬
paau1		泡  拋  脬  胞  抱
saau1		梢  捎  筲  鞘  艄  弰  莦  旓  蛸  髾  鮹  輎
zaau1		嘲  鵃  啁
ai1		繄  鷖
bai1		跛  蓖  狴  篦  鎞  豍
cai1		妻  淒  棲  悽  凄  萋  栖  郪  沏  屖  霋  緀  迉  鶈
dai1		低  胝  氐  彽  羝  磾  鞮  袛
fai1		揮  輝  徽  墮  麾  暉  撝  楎  煇  墯  翬  褘  隳  鰴  蘳  戲  琿  睢  觿  噅  椲  隓  禈
gai1		雞  枅  笄  銈
gwai1		歸  龜  瑰  閨  硅  傀  圭  鮭  珪  皈  刲  邽  媯  溈  廆  騩  洼  茥  藈
hai1		屄
kai1		溪  稽  谿  嵇  磎  鸂  蹊
kwai1		規  虧  盔  窺  奎  睽  巋  嫢  槻  槼  瞡  闚  刲  雟  巂  湀  摫  楏  茥  藈  蘬  鍷
mai1		咪
ngai1		繄  鷖
pai1		批  錍  鈚  紕
sai1		西  嘶  犀  篩  恓  氥  硒  粞  樨  簁  茜  栖  棲  巂  撕  雟  徆  屖
tai1		梯  銻
wai1		委  威  萎  倭  葳  逶  崴  蝛  煇  痿  隇  覣  蜲  蟡
zai1		擠  劑  躋  齎  隮  鮆  櫅  齌  虀  齏  鑇
ak1		搹  握  啞  扼  喔  呃  齷  厄  阨  幄  渥  偓  搤  腛  餩  軶  枙  殕  砨  豟  蚅  隘
bak1		北
cak1		測  廁  惻  畟
dak1		得  德  淂
hak1		黑  刻  克  剋  氪  赫  緙  可  潶  勀  悈  罊
mak1		嘜  嚜
ngak1		扼  啞  眲  搹  腛  偓  厄  呃  喔  幄  握  搤  渥  阨  餩  齷  隘
sak1		塞  揌  息
zak1		則  側  仄  庂  昃  崱  萴  廁  鯽  稄
am1		鵪  庵  諳  菴  垵  媕  盦  韽  腤  厂  闇  陰  匎  馣  萻  痷
bam1		泵  乓
cam1		參  侵  棽  嵾  諃  篸  駸  浸  琛  郴  梫  綅  賝  嬠
gam1		今  金  禁  甘  柑  疳  泔  衿  紟  襟  菳  惍
ham1		堪  勘  憨  龕  戡  蚶  坩  嵁  谽  坎  撖  魽
jam1		音  陰  欽  歆  嶔  喑  愔  瘖  廞  霒  顉  鑫  呥  蔭  噾  韾  霠
kam1		禁  襟  衾  衿  噤  紟  菳
ngam1		韽  腤  厂  媕  庵  盦  菴  諳  鵪
sam1		心  深  參  森  芯  琛  郴  罧  葠  綝  槮  襂  襳  棽  杺  蔘  賝  鈊  堔
zam1		針  斟  砧  箴  椹  祲  瑊  葴  碪  嶜  鍖  鍼  鰔  鱵  糌  葚  梣  埐  枮
ban1		份  奔  賓  濱  繽  瀕  彬  檳  賁  豳  汃  邠  攽  玢  斌  錛  璸  蠙  鑌  儐  栟  泍  渀  驞  椕  礗  豩  虨  霦  鐼  蟦
can1		親  嗔  瞋  謓
dan1		墩
fan1		分  婚  紛  昏  芬  氛  吩  勛  熏  薰  葷  醺  酚  勳  棻  燻  緡  閽  玢  砏  翂  惛  涽  焄  棔  殙  雰  睧  窨  獯  曛  臐  纁  饙  湣  塤  壎  棼  昐  蔒  睯  矄  鈖  錀  衯  敯
gan1		根  跟  斤  筋  巾  哏  觔  釿
gwan1		軍  均  君  昆  龜  鈞  崑  錕  焜  琨  袀  晜  莙  皸  褌  麇  鮶  鯤  鶤  筠  頵  鋆  桾  蚐  鍕
jan1		因  欣  恩  姻  殷  甄  茵  訢  氤  湮  昕  慇  忻  炘  垔  洇  堙  焮  絪  裀  歅  禋  銦  諲  駰  闉  黫  摁  凐  妡  欭  蒑  盺
kwan1		琨  坤  髡  囷  峮  猑  菎  碅  騉  均  鈞  崑  昆  錕  鯤  鶤  焜  輑  晜
man1		蚊  炆  燜  文
ngan1		奀
pan1		噴  歕  繽
san1		胂  籸  身  新  伸  申  辛  薪  紳  呻  鋅  砷  娠  莘  屾  侁  氠  珅  甡  兟  詵  燊  駪  神  槂  信  峷  妽  嫀  柛  阠  眒  鯓
tan1		吞  涒  暾  啍  焞  飩  旽  蜳
wan1		溫  瘟  氳  殟  熅  縕  褞  頵  轀  贇  奫  馧  豱  蝹  塭
zan1		真  珍  甄  胗  禛  薽  嗔  振  籈
ang1		鶯  罃  鞥  罌  甇  褮
bang1		崩  祊  堋  絣  痭  塴  繃  蹦  弸  傰
cang1		噌  竀
dang1		瞪  燈  登  豋  鐙  簦  蹬  嬁  璒
gang1		更  庚  羹  賡  粳  浭  緪  鶊  恆  耕  揯  菮
gwang1		轟  肱  訇  薨  揈  渹  觥  輷  鍧  彋
hang1		哼  鏗  亨  啈  牼  脝  硜  誙  吭  鳽  挳  硻  銵  鍞
lang1		舲
ngang1		罃  鶯  罌  鞥
sang1		僧  狌  鼪  生  牲  甥  笙  鬙  湦  泩  鉎
zang1		曾  增  僧  憎  繒  噌  崝  綪  橧  矰  磳  罾  鬙  琤  爭  掙  猙  丁  睜  箏  諍  崢  棦  錚  埥  埩  璔  糽
ap1		洽
cap1		輯  緝  戢  咠  葺  緁  濈  蕺  揖  湁  嶯  諿
dap1		耷
gap1		急  忣  芨  伋  彶  觙
hap1		恰  帢  洽  闟  歙  匼  搕  榼  欱  溘  潝  瞌  翕  楬  袷  濭  殎
jap1		泣  揖  熠  邑  悒  翕  浥  俋  唈  挹  湆  湇  裛  闟  歙  潝  圔  姶
kap1		給  級  吸  圾  汲  岌  笈  伋  歙  扱  极  鈒  潝  芨
lap1		笠  苙  粒  凹
nap1		粒  凹
ngap1		罨  嗑
sap1		濕  澀  溼  譅  濇
zap1		蕺  執  汁  馽  慹  縶  戢  濈  潗  湒  偮  瓡  霵
bat1		不  筆  畢  甭  嗶  蹕  吥  彃  滭  蓽  篳  縪  罼  泌  珌  觱  潷  鷝  熚  鏎  驆
cat1		七  漆  柒  桼
dat1		腯
fat1		忽  佛  巿  彿  拂  窟  氟  弗  惚  囫  魆  芾  紼  紱  刜  帗  昒  曶  芴  茀  祓  笏  堀  淴  笰  艴  袚  欻  綍  韍  黻  狒  矻  胐  窋  泏  匢  冹  啒  柭  柫  烼  翇  圣
gat1		吃  吉  紇  桔  訖  咭  肐  佶  姞  虼  嘎  仡  拮  橘  疙  詰  狤  銡  鴶
gwat1		骨  滑  橘  扢  汩  淈  愲  榾  蓇  憰  縎  鶻  繘  譎  尳  啒  杚
hat1		吃  乞  迄  忔  契  咭  仡  楬  汔  犵  肸  喫  恄  芞  磍  釳  欯  黠
jat1		一  壹
kat1		咳  欬  咯  咭
lat1		甩
mat1		乜
ngat1		扤
pat1		匹  疋  鵯  鴄
sat1		失  室  膝  瑟  虱  蝨  璱  濏  僁  飋
wat1		屈  尉  鬱  蔚  熨  詘  嗢  膃  罻  黦  爩  熅  菀  镼  郁  灪  馧  瞃
zat1		質  揤  櫍  騭  鑕  礩  侄  厔  堲  庢  桎  楖  螲  郅  銍  枳  晊  聜
au1		區  歐  嘔  鷗  慪  謳  甌  熰  鏂  鉤  勾  漚  櫙  藲
cau1		抽  秋  鰍  鞦  搊  楸  萩  緧  瘳  篘  鶖  犨  紬  湫  妯  牰  婤  媝  趥  跾  蟗  蝵  蠤
dau1		兜  唗  郖  瞗
fau1		紑
gau1		句  溝  鉤  勾  龜  鳩  篝  勼  朻  泃  摎  樛  緱  韝  鬮  袧  枸  佝  牞  萛  簼
hau1		齁  吽
jau1		優  休  憂  幽  丘  邱  蚯  咻  呦  髹  懮  优  坵  怮  庥  茠  貅  麀  蓲  鵂  嚘  鄾  櫌  纋  耰  燠  瀀  烋  脙  銝
kau1		溝  摳  芤  彄  勼  龜  樛  篝  緱  韝  鬮  鳩  牞  簼
lau1		瞜  嘍  摟  褸
mau1		痞
nau1		嬲
ngau1		謳  甌  嘔  勾  熰  鏂  鉤  句  區  歐  漚  鷗  慪
sau1		收  修  搜  艘  羞  颼  蒐  嗖  餿  溲  饈  脩  廋  獀  鄋  滫  糔  鎪  鱐  蓨  騪  颾  樇  醙  臹  鎀
tau1		偷  媮
zau1		洲  周  州  週  舟  揪  啾  鄒  湫  謅  啁  諏  掫  陬  鄹  侜  洀  郰  喌  棷  棸  菆  揫  輈  緅  賙  輖  盩  鵃  鯫  黀  騶  譸  齱  齺  蝤  淍  徟  婤  珘  騆  揂  銂
be1		啤
ce1		車  奢  硨  檨  奓  莗  譇
de1		爹
fe1		啡
ge1		痂
ke1		茄
le1		哩  咧
me1		咩  乜  羋
ne1		呢
se1		些  奢  賒  奓  畬
ze1		闍  遮  嗟  罝  家  嫬  蒫  謯  謶  袓
bei1		庳  悲  卑  碑  裨  蓖  陂  詖  屄  椑  萆  犤  羆  藣  鵯  痺  埤  篦
fei1		非  飛  菲  啡  妃  緋  扉  霏  婓  蜚  馡  騑  鯡  騛  餥  曊  裶
gei1		踑  其  機  幾  期  基  奇  肌  譏  飢  饑  磯  箕  几  嘰  姬  畸  畿  羈  机  犄  觭  乩  璣  丌  刉  剞  唭  稘  錤  禨  鐖  鞿  羇  居  萁  踦  吱  碁  敧  諅  鄿  簊
hei1		訢  希  稀  犧  欺  嘻  嘿  熙  嗨  嬉  屎  熹  禧  烯  羲  釐  唏  曦  欷  晞  僖  譆  俙  倛  悕  浠  狶  娸  睎  媐  僛  榿  豨  諆  醯  魌  巇  爔  娭  咳  郗  鵗  凞  琋  桸  橀  燨  莃  鶀  礂
kei1		崎  觭  陭  攲  欹  踑  畸  踦  倚  榿
lei1		喱  鬁
mei1		瞇  屘  眯  咪
nei1		呢
pei1		被  披  呸  紕  狉  丕  伾  砒  秠  翍  駓  髬  魾  鎞  鈹  帔  伓  怌  銔
lek1		叻
zek1		唧
ceng1		清  青
deng1		釘  疔  盯
geng1		驚
heng1		輕
leng1		愣
peng1		漰
seng1		聲  星  腥
teng1		聽  廳  听
zeng1		精
ceoi1		吹  趨  衰  摧  催  炊  蛆  崔  璀  趍  嗺  墔  榱  磪  縗  貙  鏙  疽  砠  苴  沮  且  趄  漼  趣  幮  洒  凗  脧
deoi1		堆  敦  追  頧  痽  鴭
geoi1		車  居  俱  据  腒  捄  崌  椐  琚  裾  鶋  鮈  涺  蜛
heoi1		虛  墟  噓  吁  圩  歔  訏  旴  呴  盱  驉  魖  姁  嘔  晇  荂
jeoi1		錐
keoi1		區  驅  拘  俱  軀  嶇  駒  佝  袪  佉  呿  抾  泃  阹  胠  痀  祛  敺  魼  鮈  貙  沏  焌  紶  鱋
seoi1		須  雖  需  衰  摔  尿  綏  胥  荽  睢  倠  眭  荾  楈  葰  稰  嬃  緰  蝑  濉  諝  繻  鑐  榱  湑  孈  毸  滖  浽  哸  幁  娞  揟  蕦  縃
teoi1		推  蓷  焞
zeoi1		且  追  堆  錐  椎  岨  沮  蛆  狙  趄  疽  隹  砠  箠  苴  娵  朘  菹  跙  棰  葅  雎  騅  鵻  罝  魋  揟  嶉
ceon1		春  椿  杶  橁  輴  皴  踆  芚  竣  逡  鰆  鶉  媋  暙  鶞
deon1		鐓  敦  吨  蹲  墩  惇  礅  諄  噸  壿  橔  撉  驐  蜳
seon1		詢  殉  徇  荀  峋  逡  洵  皴  侚  恂  郇  珣  眴  踆  絢  栒  咰  槆
teon1		湍  芚  啍  貒
zeon1		尊  遵  津  屯  諄  臻  榛  肫  樽  鐫  忳  迍  窀  朘  溱  獉  蓁  樼  轃  僎  啍  鱆  瑧  墫  鐏  鱒  潧  鷷  堻  嶟  宒  珒  繜  訰
ceot1		出  齣  絀  黜  怵  焌
deot1		咄  柮  胐
seot1		率  摔  帥  恤  蟀  戌  卹  窣  怵  訹  僁  埣  銊
zeot1		卒  怵  黜  倅  崒  捽  訹  詘  踤  揤  絀  枳  泏
ci1		差  雌  癡  哧  痴  蚩  疵  黐  嗤  嘁  笞  魑  胵  郗  眵  偨  瓻  胔  媸  絺  摛  飺  骴  鴟  螭  齝  攡  髊  玼  恣  粢  趑  颸  离  跐  呲  齜  訾  齹  樆  縒  趀  瞝  誺  鈭  蠀  次
ji1		她  衣  醫  依  椅  伊  咿  漪  噫  翳  猗  欹  蛜  郼  嫛  禕  瑿  繄  毉  黟  鷖  黳  銥  姨  洢  檹  稦
li1		唎
mi1		眯  瞇
ni1		呢
si1		思  師  司  施  斯  絲  詩  私  屍  廝  撕  獅  嘶  鍶  尸  鷥  蓍  邿  虒  偲  絁  溮  葹  凘  禗  罳  鳲  僿  澌  禠  緦  螄  褷  蟴  颸  鰤  鼶  襹  釃  篩  鉈  簁  鸍  泀  湤  楒  榹  蕬  磃  蜤  鶳  箷  俬  鉰
zi1		次  之  知  資  支  齊  氏  枝  姿  脂  滋  肢  茲  芝  吱  蜘  孜  諮  恣  齜  錙  髭  咨  呲  孳  輜  趑  胝  卮  玆  祗  梔  淄  貲  緇  甾  秖  胑  袛  偨  嵫  椥  粢  菑  搘  鄑  榰  鳷  鼒  鎡  鮨  鯔  齍  泜  仔  砥  孖  疻  觜  觶  訾  齎  疧  栥  栺  胾  澬  汥  崰  璾  椔  蒫  紎  秪  秶  臸  鈭  鶅  衼
bik1		逼  壁  迫  碧  璧  愎  躄  偪  襞  愊  揊  湢  皕  楅  腷  綼  擗  甓  辟  排  鼊  廦  繴  踾  稫  鶝
cik1		析  戚  斥  叱  飭  慼  敕  螫  彳  抶  摵  鏚  鶒  鷘  鼜  磩  栻  畟  皵  磧  晰  槭  嘯  淔  遫  蚸  鉓
dik1		的  適  滴  嘀  嫡  鏑  旳  玓  菂  靮  甋  蹢  鍉  弔  樀  墑  底  魡  扚  馰  虳
gik1		革  擊  激  棘  亟  戟  殛  撠  墼  撽  襋  轚  苟  鸄  丮  獥  憿  茍  蕀  橶
gwik1		隙  郤  洫  侐  狊  殈  淢  湨  郹  綌  聝  虢  覤  闃  馘  虩  鶪  鵙  鼳  鼰  犑
hik1		衋  虩  赩  鬩  瞁
jik1		益  億  憶  抑  臆  肊  嗌  膉  澺  檍  鬩  繶  醷  鶂  壹  燱
kik1		棘
kwik1		侐  洫  淢  綌  郤  閾  闃  隙  掝  烅  郥
lik1		礫  櫟  叻  擽  瓅  櫪  躒  轢  爍  瀝  扐  靂  嚦  皪
nik1		匿  昵  暱  衵  搦  嫟  溺  慝
pik1		闢  辟  僻  劈  癖  霹  釽  擗  澼  甓  鷿  副  潎  廦  憵  礔  踾  稫  銢
sik1		色  式  識  息  適  釋  惜  飾  析  悉  媳  晰  熄  骰  昔  蟋  拭  蜥  皙  螅  嗇  窸  軾  穡  淅  螫  腊  奭  潟  栻  舄  菥  赩  鄎  緆  蒠  銫  瘜  濇  蕮  轖  醳  襫  衋  飭  澀  摵  薔  适  獡  棤  烒  焟  晹  蜤  鉽  蝷  鎴
tik1		鬄  貸  剔  惕  忑  忒  逖  慝  俶  倜  貣  悐  鋱  擿  籊  趯  裼  躍  瓋
zik1		稙  即  積  漬  織  職  績  跡  蹟  嘖  唧  鯽  稷  幘  勣  磧  堲  陟  楖  蝍  踖  樴  膱  蟙  癪  蘵  鰿  畟  戠  尐  庴  嬂  捗  樍  蠀  唶
cim1		簽  纖  殲  籤  暹  僉  孅  綅  銛  鋟  嬐  憸  薟  攕  櫼  幨  錟  佔  襜  覘  菼  韱  瀸  虃  枮  譣  鑯  鐱  鋓
dim1		掂  敁
gim1		兼  縑  搛  蒹  鰜  鶼
him1		謙  忺  嗛  薟  馦  檶
jim1		厭  淹  奄  腌  醃  懨  閹  崦  淊  噞  嬮  猒  饜  偣  渰
lim1		令
nim1		拈  棯  黏  捻  稔
sim1		苫  笘  襳  痁
tim1		酟  添  婖
zim1		漸  尖  占  詹  沾  粘  瞻  臢  霑  譫  蛅  惉  覘  幨  熸  薝  瀸  櫼  鋟  襜  佔  呫  詀  怗  鑯
bin1		邊  鞭  辮  蝙  砭  猵  萹  箯  籩  甂  煸  艑  緶  鶣
cin1		千  遷  仟  芊  阡  韆  扦  梴  奷  櫏
din1		顛  巔  滇  癲  傎  瘨  蹎  齻  甸  厧
gin1		堅  肩  犍  豜  菺  鈃  靬  鞬  鵳  鰹  腱  麉  鳽  餰  猏  熞  惤  鋻  幵
hin1		牽  掀  軒  杴  縴  愆  搴  騫  幵  岍  汧  嘕  褰  攐  攓  謇  祆  掔  鶱  蹇  仚  佡  挳  雃  蓒  轋
jin1		煙  燕  咽  殷  焉  胭  嫣  蔫  菸  傿  鄢  閼  臙  驠  鴛  湮  漹  珚
pin1		編  篇  偏  扁  翩  媥  煸  甂  蝙  萹  揙  鶣
sin1		埏  先  鮮  仙  氙  秈  僊  褼  躚  羶  膻  姍  挻  屳  奾  珗  猭
tin1		天
zin1		淺  煎  氈  緘  箋  湔  羶  韉  戔  旃  栴  帴  揃  牋  膻  邅  鬋  饘  籛  鱣  鸇  濺  儃  瀳  鳽  驙  餰
bing1		兵  冰  并  檳  掤  栟  乒  屏
cing1		稱  清  青  蜻  氰  鯖  檉  偁  圊  赬  蟶  菁  竀  鐺  請  郬  虰  靘
ding1		釘  丁  盯  叮  仃  玎  疔  耵  靪  汀  酊  町  帄  虰
ging1		經  驚  京  兢  荊  矜  涇  巠  婛  惊  鵛  鶁  麠  莖  仱
gwing1		坰  扃  駉
hing1		輕  興  兄  氫  卿  馨  鑋  漀  馫  蛵
jing1		央  應  英  嬰  鷹  櫻  膺  嚶  纓  鸚  瑛  瓔  嫈  賏  霙  攖  瀴  蘡  渶  偀  韹  韺  朠  煐  碤  礯  譻  蝧  鶧  蠳
king1		傾  頃  漀
ling1		拎  令
ning1		擰  拎
ping1		拼  乒  抨  砰  怦  姘  娉  伻  甹  俜  淜  頩  砯  拚  匉  涄  閛  覮  艵
sing1		旍  聲  星  勝  升  醒  昇  猩  腥  陞  惺  旌  呏  狌  瑆  騂  煋  箵  胜  垶  觲  鵿  焺
ting1		聽  汀  朾  桯  烴  綎  廳  町  听
wing1		扔
zing1		正  精  睛  菁  蒸  徵  征  晶  偵  貞  怔  癥  禎  旌  鼱  楨  烝  眐  旍  湞  遉  鉦  箐  鶄  症  鯖  赬  寊  姃  媜  脀  炡  聇  篜
nip1		鎳
bit1		必  佖  咇  怭  珌  飶  駜  觱  鮅  馝  邲  鉍  苾
mit1		搣
zit1		瀄
biu1		標  票  彪  膘  鏢  杓  飆  鑣  髟  猋  颩  滮  颮  熛  蔈  麃  瘭  儦  瀌  臕  藨  穮  驫  摽  錶  驃  鰾  墂  爂  贆  謤
ciu1		超  昭  鍬  釗  弨  怊  幧  繰  炤  駋  橾  眧  鉊  鐰  鍣
diu1		丟  雕  鵰  凋  叼  碉  刁  貂  彫  鯛  蛁  琱  銩  錭  鳭  敦  椆  殦  虭  瞗
giu1		驕  嬌  澆  儌  憍  徼  僥  鷮  憿  穚  蟂  簥
hiu1		僥  囂  蹺  橇  驍  梟  呺  枵  歊  鄡  嘵  獟  獢  膮  鴞  繑  藃  趬  蹻  虈  澆  徼  熇  儌  墽  嘄  毊  燆  憢  郻  鷍
jiu1		要  腰  邀  妖  吆  么  夭  喓  葽  徼  祅  訞
liu1		撩  撂  溜
miu1		喵  咪
niu1		嫋  裊
piu1		漂  飄  摽  嘌  彯  螵  薸  縹  僄  嫖  犥  魒  旚  翲  謤
siu1		消  燒  銷  宵  蕭  硝  瀟  簫  霄  逍  潚  魈  痟  揱  綃  翛  萷  蛸  櫹  蠨  捎  箾  縿  肖  踃
tiu1		挑  彫  庣  恌  祧  誂  蓨  佻  蓧  趒
ziu1		召  朝  招  焦  蕉  礁  昭  椒  僬  嫶  燋  膲  蟭  鐎  鷦  炤  釗  妱  駋  鉊  鍣
hm1		噷
o1		阿  柯  喔  珂  婀  軻  匼  牁  婐  屙  痾  錒  噢  呵  砢
bo1		般  波  玻  坡  菠  啵  碆  嶓  番  磻  陂  僠
co1		初  搓  磋  芻  蹉  嵯  莏  傞  犓  瑳  雛  差  瘥  鹺  鶵  遳
do1		多  哆  茤  跢
fo1		科  棵  窠  蝌  稞  髁  薖  犐  匚
go1		哥  歌  旮  犵  菏  牁  仡  哿  滒  渮
gwo1		過  渦  戈  薖  簻  咼  堝  撾  緺  瘑  鐹
ho1		呵  苛  訶  坷  嶱  厂  牁  鈳
jo1		喲  唷
ko1		鈳
lo1		囉  咯  旯
mo1		麼  摩  魔  么
no1		那
ngo1		婀  屙  柯  珂  痾  軻  阿
po1		朴  坡  頗  陂  岥  樖  棵
so1		疏  蔬  莎  梳  梭  嗦  唆  疋  娑  挲  蓑  簑  桫  莏  綀  羧  趖  傞  些
to1		他  它  牠  拖  佗  扡  揓
wo1		窩  鍋  渦  倭  窠  萵  堝  媧  猧  踒  濄  蝸  薶  婑  撾
hoe1		靴  蒆
coeng1		窗  槍  搶  倡  昌  囪  鏘  嗆  猖  娼  蹌  鎗  倀  鯧  斨  菖  羥  牄  瑲  錆  錩  閶  謒  蹡  鼚  戧  箐  鶬  摐  將  闛  淐  嶈  琩  裮
goeng1		疆  僵  姜  韁  薑  羌  蜣  橿  殭  礓  彊  慶  翞
hoeng1		香  鄉  膷  薌
joeng1		央  秧  殃  泱  鴦  鞅  柍  鉠  姎  胦  雵
soeng1		相  商  謪  傷  雙  箱  湯  霜  廂  鑲  湘  驤  襄  孀  殤  觴  瓖  愓  葙  熵  緗  蔏  勷  瀧  忀  鬺  鷞  纕  艭  驦  礵  灀  漡  孇  欀
zoeng1		糨  將  張  章  漿  彰  樟  蟑  獐  漳  璋  傽  墇  嫜  慞  粻  鄣  螿  蔣  暲  遧  騿
oi1		哀  埃  唉  欸  娭
coi1		啋
goi1		該  賅  垓  侅  陔  荄  祴  絯  賌  隑  剴  胲  閡  峐  豥
hoi1		開  嗨  咍  闓  烗
ngoi1		哀  埃  唉  欸
soi1		思  鰓  腮  毢  毸  偲
toi1		胎  苔  邰  鮐  漦  珆
zoi1		災  栽  哉  甾  渽  菑  賳
ok1		喔
bok1		剝  糪
kok1		搉
mok1		剝
on1		安  氨  胺  鞍  銨  盎  桉  侒  峖
gon1		乾  干  肝  竿  杆  酐  玕  矸  虷  漧  鳱  桿  阬  汻
hon1		看  刊  頇  嫨
ngon1		胺  銨  氨  鞍  桉  安
ong1		肮  骯  泱
bong1		幫  邦  梆  鞤  彭  縍  垹
cong1		創  蒼  倉  艙  瘡  滄  傖  刱  凔  鶬  搶  嵢  獊
dong1		當  噹  鐺  襠  璫  簹  艡  蟷  澢  儅
fong1		方  慌  荒  肪  芳  坊  謊  枋  肓  匚  巟  汸  邡  衁  鈁  淓
gong1		棡  剛  江  鋼  崗  綱  岡  缸  扛  肛  亢  杠  釭  瓨  疘  矼  舡  罡  茳  豇  堈  犅  堽  摃  碙  肮  迒  魧  玒  苀
gwong1		光  胱  洸  桄  銧  橫  烡  垙  嚝  珖  炚  茪
hong1		康  腔  框  筐  眶  匡  糠  劻  矼  俇  恇  洭  椌  誆  漮  鏮  慷  嫝
kong1		扛
long1		啷
mong1		亡
ngong1		骯  泱
pong1		乓  滂  膀  雱  耪
song1		喪  桑  嗓
tong1		湯  鏜  羰  闛  鼞  鐋  蹚  鐺  薚  蝪  闣
wong1		汪  尢  尪
zong1		裝  莊  樁  髒  粧  贓  妝  臧  庄  牂  奘  壯  藏  梉
ou1		鏖  爊
bou1		哺  褒  峬  晡  逋  煲  餔  蕔  誧  鈽
cou1		粗  操  觕  麤  怚  蔍
dou1		都  刀  叨  嘟  氘  忉  舠  魛  闍  裯  醏  鳭
gou1		高  糕  膏  咎  篙  羔  睾  槔  皋  櫜  鼛  睪  鷎  滜  韟
hou1		蒿  薅  茠  嚆  薧  髇  尻
lou1		撈  嚕  謢
mou1		髦
ngou1		擙  爊  鏖
pou1		鋪  痡  鯆  舖  誧
sou1		蘇  騷  鬚  甦  酥  穌  搔  臊  囌  繅  慅  繰  溞  鱢  颾  橾  櫯
tou1		挑  滔  叨  饕  絛  韜  忉  弢  慆  槄  縚  蹈  搯  掏  洮  幍  嫍  翢  蜪  唋  嶀
zou1		遭  租  糟  傮  慒  蹧  蒩
fu1		夫  乎  呼  戲  膚  枯  俘  敷  孵  挎  伕  骷  孚  趺  麩  桴  稃  鈇  虍  刳  泭  枹  柎  砆  胕  垺  尃  衭  郛  荴  莩  虖  痡  罦  跗  寣  滹  鄜  幠  歑  鳺  膴  謼  傅  惡  垀  姇  璷  桍  雽  橭  怤  糐  荂  紨  綒  跍  邞
gu1		家  姑  孤  咕  辜  沽  鈷  呱  菇  蛄  鴣  菰  柧  罛  觚  軱  酤  箛  罟  泒  嫴  橭  鈲  鮕
ku1		箍  箛
ou1		鏕
wu1		於  惡  污  烏  嗚  鎢  鄔  靰  圬  汙  杇  洿  陓  歍  盓  窏  釫  螐  鴮
bui1		杯  盃  桮
fui1		灰  恢  魁  奎  詼  虺  悝  豗  櫆  洃  齀  拻  顝  楏
pui1		胚  坯  柸  衃  醅  垺  坏
wui1		偎  煨  渨  隈  椳  猥  揋  燰  葨
uk1		屋  剭
buk1		卜  濮  襮  樸  蹼  獛  鸔  鳪
cuk1		速  趣  觸  束  促  趨  畜  蓄  簇  簌  矗  蹙  搐  齪  蹴  觫  歜  亍  俶  娖  敊  涑  慉  滀  鄐  憱  樕  蔟  蔌  諔  踧  餗  瘯  斶  顣  齱  欶  數  柷  擉  欻  鼀  拺  埱  娕  孎  珿  苖  藗  趥  踀  踓  鋉  箹
duk1		毒  督  篤  裻  突  剢  錖
fuk1		福  複  覆  幅  腹  輻  蝠  愎  馥  蝮  葍  輹  鍑  鰒  复  復  踾  諨  鶝
guk1		告  谷  穀  菊  鞠  鵠  榖  掬  麴  梏  轂  匊  唃  牿  軗  椈  踘  鋊  濲  瀔  鞫  嚳  蘜  挶  輂  梮  淗  驧  駶  陱  祰  蓔  蓻  趜  閰  鵴
huk1		哭  慉  臛  豰  鍙
juk1		澳  沃  旭  郁  頊  昱  勗  毓  煜  燠  彧  勖  鋈  隩  薁  奧  育  栯  軉  戫  稢
kuk1		曲  蛐  嚳  麴  浀  髷  硞  趜
luk1		碌  麓  轆  睩  簏  磟
nguk1		剭  屋
puk1		仆  撲
suk1		餗  梀  縮  叔  宿  肅  粟  倏  夙  蓿  焂  僳  橚  謖  鮛  蹜  儵  驌  鱐  鷫  觫  蔌  菽  簌  涑  餿  鎪  颼  翛  洬  玊  摍  棴  憟  莤  跾  虪  鏼  襩
tuk1		禿  鵚  涋
zuk1		穛  瘃  槭  喌  鬻  顣  鏃  蹴  足  屬  觸  築  竹  祝  燭  囑  粥  浞  竺  矚  筑  柷  哫  触  臅  蠋  鸀  斸  欘  捉  踧  蹙  鷟  擉  灟  噈  孎  殧  斀  茿  踿  穱  鉐  笁  篫  篧  蠾  敳
bun1		搬  般  褩
fun1		歡  寬  獾  髖  犿  臗  嚾  懽  讙  驩  貆  酄  鴅
gun1		觀  官  冠  棺  倌  莞  涫
mun1		顢  捫
pun1		番  潘  拚  拌
wun1		豌  剜  莞  婠
cung1		充  衝  匆  聰  沖  囪  蔥  衷  憧  忡  樅  茺  埇  浺  摐  憃  璁  蓯  罿  鏦  驄  珫  涌  從  艟  翀  瑽  熜  傭  湧  嫞  棇  暰  祌  瞛  蟌
dung1		東  冬  咚  氡  鼕  柊  炵  涷  蝀  鶇  埬  苳  菄
fung1		風  封  豐  蜂  瘋  峰  鋒  楓  烽  丰  夆  妦  崶  渢  犎  葑  灃  酆  蘴  飌  麷  偑  檒  桻  猦
gung1		工  公  共  功  供  攻  宮  弓  恭  蚣  躬  龔  芎  塨  魟  紅  穹  釭  匑  幊  玒  愩
hung1		空  胸  兇  洶  烘  匈  凶  穹  倥  崆  吽  忷  芎  哅  恟  悾  涳  箜  哄  谾  焢  硿
jung1		滃  臃  翁  嗡  雍  壅  饔  癰  邕  嗈  噰  澭  螉  雝  廱  灉  鶲  維  郺
lung1		窿
mung1		檬
ngung1		壅
pung1		埲
sung1		忪  從  鬆  淞  嵩  崧  娀  菘  松  濍  倯  硹  蜙
tung1		通  恫  痌  熥  蓪  囪  絧
zung1		中  終  鐘  宗  縱  忠  蹤  棕  衷  鍾  鬃  盅  忪  舂  伀  妐  彸  倧  舯  嵕  惾  潀  稯  憃  翪  蔠  豵  騣  鬷  螽  綜  淙  眾  從  樅  柊  繌  憧  鼨  炂  猣  熧  蹖  蝩  蝬  螤  鍐  艐  籦  朡
cyu1		除  儲  廚  櫥  躇  躕  篨  幮
jyu1		於  于  淤  迂  紆  瘀  扜  邘  杅  玗  衧  陓  凵  箊  芋  穻  唹  盓
syu1		書  輸  舒  樞  抒  毹  攄  姝  紓  鄃  摴  樗  貙  荼  瑹  捈  橾  鵨  筡
zyu1		諸  珠  豬  株  朱  蛛  誅  硃  茱  櫫  跦  瀦  侏  姝  洙  邾  袾  趎  櫧  藸  藷  朝  銖  鮢  絑  蠩  蝫  鴸
cyun1		穿  村  川  躥  氚  汆  踆  釧  悛  攛  灥  瑏  駩
dyun1		端  耑  媏
gyun1		身  捐  鵑  娟  涓  鞙  蠲  狷  悁  駽  焆  裐
hyun1		禤  圈  喧  晅  暄  煖  萱  諼  壎  弮  愃  棬  塤  萲  儇  鋗  嬛  懁  諠  駽  翾  蠉  渲  貆  讙  狟  涮  暖  烜  咺  媗  梋  昍  愋  酄  蝖
jyun1		冤  淵  宛  蜿  鴛  鳶  肙  眢  蜎  奫  鵷  鼘  悁  涴  灁  噮  嬽  棩  葾  蒬  蜵  鋺  駌  裫
lyun1		癵  攣
syun1		宣  酸  孫  猻  飧  痠  蓀  悛  狻  朘  揎  搎  瑄  渲  薞  鍹  蕵
tyun1		湍  貒  煓
zyun1		專  尊  鑽  遵  磚  膞  鐫  鱒  耑  顓  塼  嫥  鄟  篿  鱄  躦  攢  剸  劗  朘  僎  鉆  瑼  脧  諯
aa2		阿  啞  嗄  掗  啊
baa2		把  靶  鈀
daa2		打
gaa2		假  賈  斝  椵  嘏  榎  瘕  檟  夏  嘎  徦  婽
gwaa2		寡  剮  呱
haa2		襾  啊  嗄
kaa2		卡
kwaa2		侉  骻  褂
maa2		媽
ngaa2		啞  掗  禡
saa2		灑  耍  洒  啥
waa2		畫  剮
zaa2		鮓  苲  苴  謯
aai2		矮  欸  毐
baai2		擺  捭  襬  掰
caai2		踩  踹  跴  跐
daai2		歹  傣
gaai2		解  檞
gwaai2		拐  枴  柺  罫  蒯
jaai2		踹
kaai2		楷  鍇
laai2		舐
saai2		徙  璽  枲  葸  屣  蓰  縰  蹝  纚  舐  諰  鰓  漇  瓕
waai2		崴
aam2		菡
caam2		慘  朁  憯  篸  黲  旵
daam2		膽  紞  疸  黵
gaam2		減  煘
haam2		闞  鬫  餡  豃
laam2		杬  攬
saam2		糝  摻  蔘
taam2		毯  撢  菼  醓  黮  僋  嗿  憳
zaam2		斬  嶄  寁  黵  眨  昝  怎
aan2		俺
baan2		板  版  闆  鈑  舨  昄  蝂  魬  阪  扳
caan2		產  鏟  剷  滻  羼  丳  嵼  簅
daan2		彈  旦  蛋  刐
faan2		反  返  阪  橎
gaan2		簡  鹼  揀  柬  繭  堿  筧  茧  襉  襺  癇  澗  趼  涀  挸  暕
naan2		赧
saan2		散  潸  粣
taan2		坦  癱  袒  忐  疸  妲  亶  襢  毯  黮  儃  鉭  呾  玬  狚  錟
waan2		綰
zaan2		盞  攢  趲  昝  琖  醆  儹  驏  棧
caang2		橙
gwaang2		梗
saang2		省  眚  渻  詵  偗
aau2		拗  詏  靿  鴢
baau2		飽  飹  怉
caau2		吵  炒  耖  訬  焣
gaau2		搞  攪  絞  狡  餃  佼  皎  鉸  姣  筊  皦  灚  捁  敥  笅
haau2		考  巧  烤  拷  攷  栲  薧  熇  洘  祰
ngaau2		拗
paau2		跑
saau2		稍  蕱
zaau2		找  抓  爪  肘  帚
ai2		矮  欸
cai2		玼  泚  跴  緀
dai2		底  抵  邸  砥  詆  柢  氐  牴  坻  弤  阺  觝  軧  呧  菧  聜  厎
fai2		痱  疿
gai2		偈
gwai2		鬼  軌  詭  晷  宄  氿  朹  庋  佹  垝  姽  庪  匭  厬  簋  媿  洈  湀  祪  觤  蛫
kai2		啟  稽  棨  綮  契
kwai2		跬  頍  蹞  巋  煃  蘬
ngai2		矮
sai2		使  洗  駛  洒  枲
tai2		体  體  睇  梯
wai2		委  唯  毀  虫  卉  萎  燬  猥  諉  喟  譭  虺  痿  崣  寪  廆  腲  蒍  骫  蜼  毇  薳  壝  喂  倭  位  檓  芔  蘬  蜲
zai2		濟  仔  囝  泲  崽
am2		黯  唵  晻  闇  諳  揜  啽  垵
cam2		寢  磣  寑  墋  噆  踸  鋟  傖  贂  曋
dam2		抌  沊  黕  紞  澸  丼  衴
gam2		感  敢  錦  橄  澉  咁  噉
ham2		砍  坎  扻  埳  莰  欿  顑  轗  嵌  凵  竷  磕
jam2		飲  坅  酓  昑
lam2		諗
nam2		諗
ngam2		唵  揜  晻  黯  闇
sam2		沈  審  嬸  瀋  伈  邥  淰  諗  瞫  讅  槮  糝  覾
zam2		怎  枕  噆
ban2		品  稟
can2		抻  哂  捵  疢  矧  辴  診  疹  抮  畛  眕  稹  紾  縝  袗  軫  鬒  黰  驏  駗  槙  阠
dan2		躉  墩
fan2		粉  忿  黺
gan2		緊  僅  謹  饉  覲  巹  瑾  堇  菫  墐  廑  槿  殣  瘽  婜  蓳
gwan2		滾  鯀  輥  袞  掍  緄  裷  蔉  渾  混  惃  緷
han2		很  狠  懇  墾  齦  佷  豤  啃  哏
jan2		隱  殷  癮  荵  檃  濦  讔  忍  酳  蘟
kwan2		莙  菌  捆  壼  綑  梱  悃  捃  稛  閫  攗  緄  輥  鯀  箘  珺  緷  硱  齫  裍  袞
man2		聞
nan2		撚  捻  涊
wan2		穩  搵  惲  薀  褞  縕  醞  蘊  韞  慍  熅  菀  桽  賱
zan2		診  疹  縝  抮  胗  畛  眕  眹  紾  袗  軫  稹  鬒  黰  槙  縥
ang2		哽
bang2		甭
dang2		等  戥
gang2		梗  哽  耿  埂  亙  鯁  郠  堩  綆  骾  恆  恒  緪
hang2		肯  啃  齦  錹
kang2		骾  啃  鯁
mang2		繃
ngang2		哽
pang2		皏
au2		歐  嘔  毆  敺
cau2		醜  丑  瞅  杻  趣  偢  吜  杽
dau2		抖  斗  陡  蚪  枓  鈄  糾  赳  敨
fau2		剖  掊  痞  否  缶  缹  不  紑  殕  鴀
gau2		九  久  狗  糾  苟  赳  韭  玖  枸  岣  芶  耇  笱  艽  蚼
hau2		口  糗  吼  吽
jau2		朽  黝  懮  泑  煣  糅  糗  鈾  柚  釉  鼬  聈
nau2		紐  扭  朽  妞  鈕  忸  狃  杻  休
ngau2		敺  嘔  歐  毆
pau2		剖  瓿  掊  棓
sau2		手  首  守  擻  藪  叟  嗾  棷  滫  瞍  艏  謏  鎪  籔  搜  艘  狩  潃  頁  溲  蒐  醙
tau2		妵  黈  蘣  斢  紏
zau2		走  酒  肘  帚  睭  鯞
ce2		且  尺  扯  哆  撦  奲  伬
de2		嗲  襶
le2		咧
me2		乜  歪
se2		灺  寫  捨  舍  瀉
ze2		者  姐  姊  赭  鍺  這  堵  媎
bei2		比  彼  俾  匕  妣  秕  沘  疕  柀  鞞  髀  媲  畀  毗  毘  崥  朼  貏
fei2		匪  菲  斐  誹  悱  榧  屝  痱  朏  陫  棐  蜚  篚  蜰  非  翡  疿  奜  膹
gei2		己  幾  紀  几  机  杞  麂  庋  虮  剞  庪  掎  踦  蟣  犄  妀  穖  邔
hei2		杞  狶  豨  起  喜  豈  禧  屺  芑  蟢  囍  嬉  呇  歖  敼  釐
kei2		企
nei2		洱
pei2		否  鄙  痞  仳  圮  庀  苤  嚭  疕  秠  諀
sei2		死
lem2		舐
beng2		餅  鉼
ceng2		請
deng2		頂
geng2		頸
jeng2		影
meng2		名
seng2		醒
zeng2		井  汫  阱
ceoi2		取  娶  揣  璀  漼  趡  且
geoi2		舉  矩  柜  莒  齲  櫸  枸  偊  椇  筥  萭  蒟  踽  竘  鄅  籧  瞿  懼  翑  蝺  螶
heoi2		去  許  栩  咻  詡  姁  昫  欨  冔  喣  鄦  煦  滸  休  珝  祤  紶
seoi2		靃  水  湑  糈  醑  嶲  稰  諝  巂  雟  諿
teoi2		腿  俀
zeoi2		嘴  咀  岨  沮  齟  觜  苴  濢  沝  噿  珇  璻  嶊  嶉  嶵
ceon2		蠢  偆  賰  惷  萶
leon2		卵
seon2		筍  榫  栒  簨  隼  鎨
teon2		畽  墥  躖
zeon2		準  純  儘  准  燼  隼  埻  綧  賮  藎  贐  盡
ci2		此  始  齒  恥  弛  侈  哆  矢  褫  豕  扡  佌  奓  姼  恀  拸  泚  胣  玼  搋  誃  跐  謻  杝  柿  祉  鮆  皉  鉹
ji2		椅  倚  綺  旖  偯  扆  陭  銥  踦  齮  漪  咦  猗  婍  敧
si2		駛  使  死  史  屎  諰  縰  纚  矢
zi2		鮨  子  只  指  紙  止  仔  衹  徵  祇  姊  紫  址  旨  趾  酯  籽  滓  梓  咫  祉  砥  枳  芷  訾  厎  坁  扺  沚  芓  阯  泲  呰  恉  耔  胏  疻  秭  茈  茞  笫  軹  黹  訿  畤  秖  坻  抵  祗  栺  寺  汦  淽  吇  杍  矷  藢  釨
cim2		諂
dim2		點  蒧  玷  怎  跕  踮
gim2		檢  撿  瞼
him2		險  嶮  獫  玁  嗛  慊  脥  譣  鼸  唊
jim2		掩  奄  魘  弇  揜  渰  罨  隒  裺  厴  黤  龑  黭  黶  噞  晻  偃  猒  酓
lim2		舐
nim2		捻  淰
sim2		閃  陝  睒  晱  煔  潸  覢
tim2		舔  忝  餂  悿
zim2		颭
bin2		扁  貶  匾  蝙  褊  窆  惼  碥  稨  豍  砭  萹  便
cin2		淺  闡  嘽  幝  燀  蕆  囅  繟  榐  譂
din2		典  碘  痶  捵  婰  蕇  錪  墊
gin2		蹇  茧  趼  謇  繭  搴  涀  湕  橏  藆  鰎
hin2		顯  遣  譴  蜆  幰  繾  韅  衍  抮  搟  攇  灦  蜸  鋧
jin2		堰  偃  郾  鼴  匽  戭  蝘  躽  鰋  鶠  演  衍  毽  嬿  龑  椼  兗  椻  愝  褗
lin2		鏈
nin2		拈  撚  跈  棯  捻  簐
pin2		片  貵
sin2		鍌  洗  鮮  蘚  冼  癬  銑  燹  姺  毨  筅  尟  跣  獮  廯  洒  烍  禒  赻
tin2		町  腆  靦  淟  倎  娗  琠  悿  晪  賟  錪
zin2		展  錢  剪  闡  輾  搌  帴  揃  戩  嘽  翦  諓  蕆  蹍  皽  劗  譾  灛  樿  蹇  鬋  碾  幝  燀  囅  黵  媊  嫸  瑐  榐  橏
bing2		餅  丙  屏  秉  炳  怲  邴  昺  寎  鞞  摒  偋  迸  庰  陃  苪  窉  蛃
cing2		請  拯  逞  騁  撜  郢  裎  承  丞  浧  氶  塣  悜  庱
ding2		頂  鼎  酊  艼  濎  薡  打  耵  錠  嵿  顁
ging2		境  竟  警  景  憬  儆  璟  剄  幜  憼  蟼  烴  澋  璥  暻
gwing2		炯  迥  冏  囧  泂  炅  扃  絅  詗  煚  熲  褧  顈  耿  浻  烓  燛  臦  臩
jing2		影  景  映  癭  瀴  廮  摬  旲
king2		頃  廎  謦  漀
ling2		擰
sing2		省  醒  惺  渻  箵
ting2		挺  町  侹  珽  脡  鋌  頲
zing2		整  井  丼  晸
gip2		篋
biu2		表  錶  裱  婊  俵  褾  檦  諘
ciu2		悄  愀  偢  煍
diu2		屌  鳥  扚
giu2		繳  矯  僥  儌  撟  徼  敿  皦  蟜  蹻  鱎  譑  曒  嶠  轎  憿
hiu2		曉
jiu2		夭  杳  窈  宎  殀  眑  窅  窔  繞  擾  要  騕  偠  鷂  妖  祅  岆  苭  蓔  鴢  柼
kiu2		巧  矯
liu2		潦  料
piu2		縹  皫  瞟  麃
siu2		小  少  筱  篠  謏
tiu2		朓  宨  趒
ziu2		沼  剿  勦  湫  樔  潐  劋  菬
m2		呣
ng2		嗯
o2		嚄  哦  婀  猗
bo2		跛  簸
co2		楚  礎  脞  儊  濋  檚  瑳  硰
do2		朵  躲  垛  跺  剁  埵  嚲  奲  哆  鬌  椯  綞  趓
fo2		火  伙  顆  棵  夥  吙  鈥  敤
go2		哿  笴  舸  魺
gwo2		果  裹  猓  惈  粿  蜾  輠  錁  淉  褁  鐹
ho2		可  坷  岢  哿  舸  閜  呵  軻
lo2		裸  砢  蓏  瘰  蠃  臝  婐
mo2		摸
ngo2		婀  猗
po2		頗  叵  笸
so2		所  鎖  瑣  嗩  惢  璅
to2		妥  橢  撱
wo2		婐  婑  倭  捰
zo2		左  阻  俎  柤  詛  座
doe2		朵
coeng2		搶  墏
hoeng2		響  享  晌  餉  饗  蠁  饟  嚮  亨  薌  晑  恦
joeng2		映  鞅  怏  抰  柍  岟  姎  炴  紻
loeng2		兩  啢
soeng2		想  賞  鯗
zoeng2		長  掌  獎  漲  蔣  槳  膙  仉  鞝
oi2		乃  藹  噯  靄  毐  堨  壒  靉  曖  欸  挨  譪  昹  鯦
coi2		採  彩  采  綵  睬  茞  寀  跐  跴  婇
goi2		改  胲  頦
hoi2		海  肯  豈  凱  鎧  愷  剴  塏  磑  醢  闓  颽  胲  烸  橀  暟  輆
koi2		慨
ngoi2		堨  凱  皚  挨  欸  毐  藹  靄  靉  噯
poi2		俖
toi2		呔
zoi2		載  宰  崽  縡
gon2		趕  桿  稈  皯  赶  筸  扞  笴  簳  盰
hon2		罕  侃  刊  厂  暵  焊  熯  蔊  捍  扞  駻
bong2		膀  綁  榜  牓  蒡  縍  搒  螃
cong2		廠  搶  闖  敞  氅  昶  惝  駔  磢  鋹  戃  愴  蒼  厂  傸
dong2		黨  擋  檔  攩  讜  党  欓  瓽
fong2		訪  彷  仿  紡  晃  倣  謊  恍  幌  髣  舫  怳  昉  瓬  滉  榥  熀  皝  慌  放  芒  鶭  熿  鎤  炾
gong2		港  講  耩  顜  傋
gwong2		廣  獷  誑
hong2		慷
kong2		慷
song2		爽  嗓  搡  塽  磉  顙  漺  樉  慡  縔  鎟  褬
tong2		躺  倘  淌  蹚  帑  儻  惝  鎲  鐋  戃  曭  爣  矘  钂  黨
wong2		枉  瀇  誑
zong2		駔
ou2		夭  襖  媼  镺  燠  奧  郩  蝹
bou2		保  寶  補  堡  圃  褓  葆  孬  駂  鴇  鵏  鳵  媬
cou2		草  艸  慅  懆  騲
dou2		倒  島  賭  堵  禱  搗  睹  擣  壔  捯  帾  菿
gou2		稿  皓  槁  杲  縞  暠  笴  鎬  檺  筶
hou2		好
lou2		佬
mou2		帽
ngou2		媼  襖
pou2		普  譜  甫  脯  浦  氆  溥  鐠  圃  潽  烳  誧
sou2		數  嫂  掃  籔
tou2		土  討  吐  禱  釷  禂  芏  嘄
zou2		組  早  祖  澡  藻  棗  蚤  瑵  靻  駔  璪  繰  珇  蒩
fu2		父  苦  府  虎  撫  俯  斧  甫  脯  唬  腑  琥  拊  釜  莆  楛  頫  弣  俛  郙  軵  滏  蜅  嘸  簠  黼  許  滸  柎  汻  殕  暊  蚥
gu2		古  股  鼓  估  賈  凸  鈷  蠱  牯  詁  臌  罟  瞽  羖  蛌  嘏  盬  果  沽  夃  狜  薣
wu2		塢  捂  滸  摀  祜  嵨
fui2		賄  洧  鮪  痏  燘
kui2		會  繪  潰  膾  劊  儈  檜  薈  憒  廥  澮  獪  鄶  禬  繢  聵  旝  襘  闠  鱠  賄  瞶  嬇  螝
wui2		猥  鍡
bun2		本  苯  畚  粄
fun2		款  梡  盥  窾  雚
gun2		管  悺  館  斡  莞  琯  朊  脘  痯  筦  錧  盥  璭  悹
pun2		拚  翸  翉
wun2		宛  碗  腕  惋  捥  睆  浣  婉  晼  剜  豌  皖  脘  莞
ung2		擁
bung2		捧  玤  琫  菶  甭  琣
cung2		寵  塚  冢
dung2		懂  董  踵  蕫  畽  蝀  墥  嬞
fung2		捧  俸  唪  覂  泛
gung2		鞏  拱  廾  拲  栱  珙  蛬  輁  共
hung2		孔  恐  嗊  倥  愩
jung2		擁  湧  涌  踴  冗  甬  蛹  恿  壅  臃  蓊  俑  埇  塕  滃  踊  癰  傭  佣  暡  瞈  郺  聬
mung2		懵  幪  蠓
pung2		捧
sung2		聳  慫  悚  竦  傱  嵷  漎  駷  愯
tung2		統  筒  桶  捅  筩  侗  垌
zung2		種  總  腫  踵  傯  尰  摠  熜  粽  穜  縱  种  煄  猣  蓗
cyu2		處  貯  杵  楮  褚
jyu2		噢  傴  嫗  偊  淤  瘀  痀  煦
syu2		鼠  暑  黍  癙  潻
zyu2		主  煮  拄  枓  渚  砫  陼  麈  褚  貯  翥
cyun2		惴  喘  揣  舛  忖  踹  刌  荈  踳  竄  惷  歂  遄  湍
dyun2		短
gyun2		卷  捲  菤  帣  弮  畎  罥  汱
hyun2		圳  犬  甽  畎  咺  烜  虇  諼  綣  晅
jyun2		婉  宛  惋  烷  苑  夗  朊  倇  晼  琬  菀  畹  睕  踠  院  阮  丸  涴  蜿  妴  綩
lyun2		戀  孌
syun2		選  損  篹  愃  饌
zyun2		轉  纂  撙  囀  僔  噂  纘  酇  趲  臇  篹  儹  譐  籫  湍
aa3		亞  阿  氬  婭  襾  埡  掗  錒  啊  鈳  錏
baa3		耙  伯  霸  壩  灞  弝  埧  把  靶
caa3		岔  詫  杈  衩  汊  奼  侘  蜡  欻  紁
faa3		化  杹  魤
gaa3		賈  價  假  架  駕  嫁  稼  幏  加  瘕  擖  介  价  咖  酠
gwaa3		掛  褂  卦  挂  罣  絓  詿
kaa3		喀  髂
kwaa3		跨  挎  胯  掛  骻  舿
laa3		罅  喇  鏬
maa3		嗎  嘛  嚜
ngaa3		亞  婭  氬  襾  錒  埡  掗  齾  阿
paa3		怕  帕  帊
saa3		嗄
zaa3		砟  炸  榨  詐  咋  乍  吒  搾  痄  厏  奓  苲  溠  煠  蜡  醡  蚱  奼  笮  扠  鮓  柞  苴  喥  囃
aai3		隘  嗌  餲  嗄  噫  阨  砨  賹
baai3		拜  湃  庍
caai3		嘬  瘥  蠆  囆  袃
daai3		帶  戴  蔕  蹛  襶  遞  瀻  艜  廗  跢
faai3		快  塊  筷  傀  磈  噲  喟  蒯  駃  繲  勓  嬇  璯  欳
gaai3		解  界  介  屆  戒  尬  懈  誡  芥  疥  价  妎  玠  蚧  犗  骱  廨  薢  吤  岕  悈  砎  鶛  艐  圣
gwaai3		怪  夬  狤
kwaai3		嘳
laai3		癩  厲  癘  藾  落
ngaai3		嗄  嗌  噫  阨  隘
paai3		派  湃  蒎  鎃
saai3		殺  曬  晒  哂  閷
taai3		大  太  態  泰  貸  汰  鈦  忕  傣  溙  燤
zaai3		債  瘵  責  祭
aak3		阿
baak3		檗  百  伯  柏  舶  佰  薜  櫱  蘗  濼  挀  絔  袹  泊
caak3		策  冊  拆  柵  筴  坼  圠  茦  矠  拺  憡  蓛
faak3		謋  騞
gaak3		革  格  隔  胳  骼  嗝  鎘  鬲  膈  挌  茖  愅  塥  滆  觡  袼  佫  鮥  鵅  鞷  肐
gwaak3		摑
haak3		客  嚇  諕  喀  唬
jaak3		吃  喫  猰  窫
kaak3		緙
maak3		擘
ngaak3		詻
paak3		拍  帕  魄  珀  檗  蘗  汃  泊  舶  櫱  霸  柏  粕  袙  岶
saak3		索  摵  愬  栜  拺
zaak3		責  窄  嘖  蚱  柞  笮  岝  矺  迮  唶  舴  簀  賾  齰  咋  幘  磔  虴  磧  樍  謮
caam3		杉  懺  儳  讖  摲  旵
daam3		石  擔  儋  甔  狚  癚  帎
gaam3		監  鑒  鑑  橄  淦
haam3		喊  闞  豃  鬫
saam3		三  摲  釤  忏
taam3		舕  探  撢  黮  僋
zaam3		蘸  湛  偡  嶄
aan3		晏  鷃  鴳  洝  姲  騴
baan3		扮
caan3		燦  孱  璨  羼  粲  澯
daan3		旦  誕  鉭  癉  繵  疸  鴠  訑  刐  觛
faan3		泛  販  氾  汎  畈  娩  反  奿  嬔
gaan3		間  閒  諫  澗  瞷
gwaan3		慣  摜  丱  擐  串  貫
ngaan3		晏  鴳  鷃
paan3		盼  袢  襻  盻
saan3		散  傘  篡  訕  疝  汕  涮  繖  赸  摲  狦
taan3		碳  嘆  炭  歎  湠
zaan3		讚  贊  瓚  囋  灒  酇  饡  撰  臢
caang3		牚
gaang3		逕  挭  浭
kwaang3		逛  迋
zaang3		諍
aap3		鴨  押
caap3		插  鍤  臿  扱  疀
daap3		答  搭  瘩  耷  褡  荅  畣  匒  嗒  褟  撘  榙  笚
gaap3		甲  夾  頰  鉀  莢  筴  胛  岬  蛺  浹  郟  梜  舺  袷  裌  跲  搿  鋏  鞈  韐  革  鴿  蛤  嗑  柙  鵊  挾  唊  玾  脥
haap3		掐  嗑  呷  頰  魻
laap3		擸
ngaap3		押  鴨
saap3		圾  霎  澀  颯  趿  歃  啑  喢  萐  靸  箑  翣  馺  濇  鎝  霅  翜
taap3		塔  拓  塌  榻  嗒  漯  遢  涾  傝  搨  毾  誻  褟  錔  鎉  闒  鰨  荅  鞳  鑉  鎑  蹋
zaap3		眨  砸  咂  匝  唼  劄  摺  噆  紮  扎  柵  偛  抸  噈  譗  鉔  褶  啑
aat3		壓  押  歹  遏  戛  揠  恝  堨  猒  頞  閼  餲  齃  猰  胺  軋  洝
baat3		八  捌  扒  仈  柭
caat3		察  擦  刷  剎  唰  嚓  獺  礤  攃  礸
daat3		靼  怛  呾  妲  笪  跌  炟  狚  磍
faat3		發  法  髮  砝  琺
gaat3		軋  戛  釓  恝
gwaat3		刮  颳  捖  劀  括  趏
maat3		抹
naat3		鈉
ngaat3		押  揠  猰  閼  壓  遏  餲  堨  猒  齃  胺  軋  頞
saat3		殺  刷  撒  薩  煞  摋  樧  蔱  閷  鎩  剎  蔡  攃  繺  隡
taat3		達  韃  趿  撻  躂  羍  闥  遢  獺  鰨  靸  迖
waat3		挖  斡  穵  濣  焥
zaat3		紮  扎  札  軋  鍘  拶  哳  蚻  劄  猰  窫
aau3		凹  拗  坳  靿  岰  柪  袎  箹
baau3		爆  趵  炮
caau3		鈔  肏  耖
gaau3		教  覺  較  校  酵  窖  珓  窌  滘  斠  挍  鉸  悎
haau3		孝  酵  嗃  涍  詨
kaau3		靠  銬
ngaau3		靿  拗  坳
paau3		炮  砲  豹  趵  皰  奅  泡  爆  窌  袌  咆  炰  麭  髱
saau3		哨  睄  潲
zaau3		罩  笊  箌
ai3		翳  縊  曀  豷  屭  哎  嫕  瘱  殪  瘞  蘙  贀  隘
bai3		閉  蔽  嬖  埤  濞  泌  秘  祕
cai3		切  妻  砌  沏  傺  瘛  蜡  痸
dai3		帝  蒂  締  諦  禘  揥  渧  墆  嵽  碲  蝃  蔕  螮  嚏  懘  遰  疐  梊  楴
fai3		昲  費  廢  肺  沸  癈  芾  俷  疿  櫠  鐨  剕  怫  狒  濷  胇  曊  砩
gai3		計  繼  髻  炔  薊  紒  筀  罽  瀱  蘮  瘈  猘  瞉  蘻
gwai3		季  貴  桂  瑰  劌  悸  蹶  癸  鱖  溎  痵  嶡  瞶  鯚  饋  騩  炅  昋  暩  赽
kai3		契  愒  栔  瘈  瘛  蟿  罊
kwai3		愧  媿  騩  硊  歸
mai3		襼
ngai3		豷  嫕  瘱  殪  瘞  縊  翳  曀  屭
pai3		睥  俾  埤
sai3		世  細  勢  婿  貰  些  僿  埶  楴
tai3		替  締  屜  涕  嚏  剃  薙  揥  殢  鬄  剔  洟  裼  楴  迖  褅
wai3		諱  磑  慰  喂  畏  餵  尉  蔚  穢  餧  薈  褽  嘒  碨  犚  噦  濊  獩  罻  薉  翽  霨  慧  喟  萎  恚  徻  饖  腃  芔  藯  鐬
zai3		制  濟  際  製  祭  掣  晢  霽  泲  狾  剬  猘  漈  瘈  穄  穧  瘛  暩  裚
mak3		掰
am3		暗  腤  晻  闇  匼  黯
cam3		讖  唚  譖  闖  摻
dam3		紞  髧
gam3		禁  咁  淦  噤  贛  紺  凎  紟  僸  灨  詌  趛
ham3		勘  瞰  磡  崁  凵  唅  琀  墈  闞  矙  嵌  歁  埳  堿  坎  竷  譀
jam3		飲  蔭  廕  窨  陰  荏  堷
ngam3		腤  晻  暗  闇
sam3		滲  沁  鏒  糝  籸  鈊  閐
zam3		浸  枕  揕  寖  譖  祲  沈  戡  鈂
ban3		鬢  殯  儐  臏  擯  髕  嬪  賁  奔  賓  渀
can3		親  稱  趁  襯  疢  櫬  齔  儭  嚫  瀙  藽  偁
dan3		扽  撉
fan3		訓  糞  瀵  拚  僨  奮  焚  熏  鐼
gan3		艮  伒  峎  茛  靳  斤  覲  呁  蓳  螼
gwan3		棍  睔  捃
jan3		印  釁  焮  舋  炘  隱  暈  梀  庍
kwan3		困  窘  睏  箘  涃
ngan3		印
pan3		噴  呠  濆  歕  饙
tan3		褪
wan3		蘊  搵  醞  慍  縕  薀  韞  菀  賱
zan3		鎮  震  振  圳  賑  娠  侲  紖  裖  瑱  倀  填  甽  挋  旽  誫  謓
cang3		蹭
dang3		凳  鐙  磴  嶝  墱  橙
gang3		更  恆  緪  揯  堩
hang3		啃
kang3		掯  裉
sang3		蹭  擤
zang3		甑  諍
gap3		合  蓋  鴿  蛤  頜  閤  郃  峆  夾  搿  佮  鮯  敆
fat3		砝  琺  沷  法  髮  發
au3		漚  慪
cau3		臭  湊  嗅  溴  輳  傶  腠  殠  糗  楱  奏  憱  揍  簉  蔟  珛  螑
dau3		鬥  竇  斗
gau3		究  夠  構  救  購  疚  媾  咎  垢  灸  彀  詬  廄  搆  雊  遘  姤  冓  捄  覯  穀  傋  慦
hau3		吼  呴
jau3		幼  泑  蚴
kau3		搆  構  購  扣  寇  叩  釦  蔻  怐  构  筘  滱  鷇  佝  簆  詬  銬  冓  媾  遘  覯  瞉
mau3		卯
ngau3		漚
pau3		婄
sau3		首  秀  宿  瘦  獸  繡  嗽  狩  漱  擻  鏽  琇  銹  守  惾  滫
tau3		透  炓  埱
zau3		謅  奏  皺  晝  咒  揍  縐  咮  甃  僽  噣  僦  祝  詶  椆
ce3		趄
se3		舍  卸  瀉  赦  卌  灺  厙  猞  騇  庫  涻
ze3		這  借  蔗  鷓  柘  唶  蟅  藉
bei3		費  秘  臂  泌  跛  庇  痺  痹  毖  鉍  轡  祕  詖  賁  畀  芘  邲  柲  閟  箅  潷  鄪  陂  輩  比  飶  珌  粊  疪  琲
gei3		計  記  紀  既  寄  覬  洎  徛  蔇  穊  冀  驥  惎  旡  懻  穖
hei3		氣  器  汽  戲  棄  憩  气  呬  咥  羛  塈  甈  餼  屭  愒  乞  愾  揭  巇  扢  滊  黖  盵  摡  熂  忥  怬  齂  鎎
kei3		暨  亟  冀  驥  塈  臮  洎  騎  穊  覬  汥
pei3		譬  屁  媲  帔  淠  堛  嬖  濞
sei3		四  蕼  肆  泗  柶  貄
bek3		壁
cek3		尺  赤  呎  蚇  刺
hek3		吃  喫  毄
pek3		劈
sek3		錫
tek3		踢
zek3		鶺  蹐  只  隻  績  跡  脊  拓  炙  摭  跖  膌  擿  瘠  蹠  螪
beng3		柄
deng3		掟
geng3		鏡
leng3		靚
seng3		姓  腥
teng3		艇
zeng3		正
ceoi3		趣  翠  吹  脆  娶  啐  覷  橇  淬  倅  毳  焠  脺  綷  膬  竁  嘬  帨  膵  炊  刞  箤
deoi3		對  碓  膇  轛  兌  祋  敦
geoi3		據  句  鋸  踞  倨  屨  瞿  躆  鋦  泃  鐻  澽  据  遽  粔  壉
heoi3		去  煦  呿  昫  酗  鼁  麮
leoi3		櫚  旅  膂
seoi3		說  歲  稅  碎  帥  蛻  挩  帨  涗  裞  繀  繐  率  睟  粹  絮  誶  邃
teoi3		脫  退  蛻  駾  侻  稅  褪  螁
zeoi3		最  足  醉  綴  惴  蕞  偳  晬  餟  檇  沮  捘  綷  醊  錣  贅  夎  祽  絊  醀  鋷  欈
seon3		芯  信  迅  訊  遜  舜  瞬  汛  巽  囟  愻  噀  瞚  蕣  簨  潠  濬  眴  孫  鵔  鬊  蕈  酳  浚  阠
teon3		彖  褖
zeon3		盹  進  晉  俊  峻  駿  浚  竣  鐫  雋  濬  縉  焌  畯  搢  葰  鋑  餕  寯  璡  臇  鵔  捘  溍  嚍  枃  榗  晙  訰  稕  臸  燇  朘
ci3		次  刺  翅  賜  幟  廁  熾  啻  恣  朿  佽  庛  眙  胵  蚝  絘  莿  蛓  跮  翨  儩  饎  喜  踅  佁  栨  趐
ji3		意  衣  懿  瘞  嫕  殪  瘱  薏  饐  鐿  鷾  議  婼  豷  亄  欭
si3		四  使  思  試  嗜  肆  泗  弒  駟  柶  肂  諡  謚  肄  儩  澌  施  笥  貄
zi3		兕  知  至  質  識  志  置  致  智  誌  緻  摯  漬  恣  痣  輊  鷙  躓  忮  倳  剚  胾  胔  寘  疐  鋕  駤  懥  懫  贄  觶  礩  騺  遲  潪  洷  伿  覟  跮  滍
bik3		壁  璧
cik3		刺  赤  捇
sik3		緆  錫  裼  刺  惁
zik3		脊  炙  瘠  蹐  蹠  癠  鶺
cim3		僭  塹  槧  暹  懺
dim3		店  墊  惦  踮  玷  坫  阽  扂  痁  磹  簟
gim3		劍
him3		欠  歉  芡  傔  慊  姭
jim3		厭  俺  饜  猒  嬮  酓
sim3		苫  掞  笘
tim3		掭  舑
zim3		僣  佔  占  僭  臢
bin3		變  遍
din3		墊  瑱
gin3		見  建  腱  毽  鋻
hin3		獻  憲  縴  掀  杴  瀗  豏
jin3		燕  宴  咽  嚥  烻  嬿  酀  曣  讌  醼  鷰  觾
kin3		菣
pin3		片  遍  騙  頨
sin3		先  線  扇  腺  倩  煽  搧  釤  霰  騸  茜  蒨  謆  鏾  綪  箐  棈  輤  篟
tin3		瑱  琠
zin3		戰  箭  顫  薦  濺  餞  荐  洊  牮  栫  葥  墊  諓  湔  榗  糋
bing3		並  併  柄  并  迸  摒  塴  堋  怲  絣  庰
cing3		稱  秤  倩  凊  偁  掅  靘  碃
ding3		訂  錠  碇  飣  椗  定  蒂  蔕  懘  顁  碠
ging3		徑  敬  逕  俓  弳  桱  獍  勁  競  莖  脛  葝
hing3		興  慶  罄  磬  詗  綮  敻  謦  矎
jing3		應  瀅  褮
ping3		併  聘  拼  騁  娉
sing3		性  勝  姓  聖  圣  腥  胜  貹
ting3		聽  庭  听
zing3		正  政  證  症  証  幀  癥  鉦  氶
cip3		妾  呫  菨  詀  踥  鯜  唼  迠  謵  鏶
dip3		笘  聑
gip3		劫  抾  鵖  澀  硤  袷  濇  昅  鉣
hip3		脅  歉  怯  嗛  嗋  慊  協  愜  篋  挾  勰  厒  垥  脥  熁  燲  愶
jip3		醃  靨  殗  擫  饁  腌  魘  痷
sip3		葉  攝  涉  懾  揳  歙  燮  韘  灄  躞  箑  喢  屧  歃  萐  踥  揲  慴  聶  拾  鞢  蠂
tip3		貼  帖  呫  怗  跕  沾
zip3		接  摺  懾  楫  輒  囁  浹  椄  慴  慹  霅  鮿  讋  讘  褶  倢  婕  睫  折  鯫  挕  謺
bit3		憋  彆  鱉  鷩  虌  鄨  別  蟞
cit3		設  切  徹  撤  澈  掣  沏  轍  屮  蔎  懘  柣  砌  趄  焎
dit3		跌  螲  跕
git3		衱  結  潔  擷  拮  頡  佶  洁  絜  袺  鮚  揳  恝  孑  戛  桔  羯  訐  岊  洯  扴  狤  磍  迼  鍻  鴶
hit3		歇  蠍  蝎  猲  肸  挈  滊
jit3		咽  謁  噎  齧  暍  喝
kit3		揭  竭  契  擷  頡  孑  詰  黠  挈  訐  碣  羯  鍥  劼  嵑  絜  蛣  楬  朅  纈  襭  遏  謁  蠍  蝎  頁  渴  桔  褉  滊  洯  鞊  藒  緳  硈  蛪  蝢  鐑
lit3		纈  結
pit3		瞥  撇  氕  覕  嫳  徶  潎
sit3		竊  屑  洩  契  泄  薛  褻  楔  揳  渫  絏  紲  燮  伳  疶  偰  媟  揲  榍  靾  屧  嶭  躠  舌  躞  僁  齥  齛
tit3		鐵  餮  銕  驖  蛈  鴩
zit3		晢  睫  節  折  哲  浙  蜇  癤  櫛  岊  扻  疌  倢  婕  悊  淛  硩  楶  瀄  捷  蟄  輒  踅  尐  幯  擳  砓
biu3		俵
ciu3		肖  峭  俏  鞘  誚  帩  譙  踃
diu3		釣  弔  吊  盄  誂  窵  藋  伄  魡
giu3		叫  嘂  噭  徼  譥  嘄  嬓  獥
hiu3		撬  竅
jiu3		要  穾  窔
kiu3		竅  躈  蹺  蹻  噭
piu3		票  漂  驃  僄  嘌  篻  剽  慓  摽  潎  皫  翲
siu3		少  笑  嘯  熽
tiu3		跳  眺  糶  覜  朓  艞  脁  頫  絩  趒
ziu3		照  詔  醮  炤  曌  趭  灂  皭  釂  僬  爝  潐
bo3		播  簸  譒  鄱  蚾
co3		錯  挫  銼  剉  侳  莝  蓌  剒  夎
do3		剁  癉  埵  跢
fo3		貨  課  騍  堁  稞  顆  錁  嗀  沎  嗀  敤
go3		個  箇  吤
gwo3		過  鐹
ho3		賀
lo3		摞  咯  囉
po3		破  哱
so3		些  疏
to3		唾  毻  毤
wo3		涴  喎
zo3		佐  詛  咀  謯
goe3		鋸
toe3		唾
coek3		卓  鵲  綽  戳  婥  倬  婼  逴  皵  碏  趠  踔  穛  桌  灼  芍  噱  焯  汋  灂  獡  棤  磭
doek3		啄  琢  涿  剁  啅  椓  斲  諑  噣  剢  孎  斀  菿  籗
goek3		腳  谻  屩  蹻
joek3		約  葯  躍  箹
koek3		卻
soek3		削  爍  勺  杓  鑠  燿  獡
zoek3		著  桌  繳  卓  雀  爵  酌  灼  鵲  勺  芍  棹  妁  斫  汋  斮  焯  禚  櫡  嚼  倬  彴  戳  斲  爝  淖  皭  圴  斀  穱  謶  杓
coeng3		唱  倡  暢  嗆  悵  鬯  瑒  戧  熗  韔  昶  蹌  蹡
hoeng3		向  鄉  嚮  曏  缿  蠁  姠  萫
joeng3		怏  鞅
koeng3		強  彊
soeng3		相
zoeng3		將  張  障  帳  仗  脹  漲  醬  賬  瘴  嶂  幛  悵  弶  瞕
oi3		愛  靉  曖  璦  僾  嬡  薆  鑀  堨  噯  壒  濭  焥
coi3		賽  菜  塞  蔡  埰  縩  棌  采  寀
goi3		蓋  丐  概  溉  扢  瓂  摡
koi3		概  蓋  溉  慨  咳  鈣  丐  愾  愒  欬  戤  磕  鎧  濭  杚  輆  欯
ngoi3		璦  曖  薆  靉  堨  僾  噯  壒  嬡  愛
zoi3		縡  再  載
ok3		惡  堊  噁  蝁
bok3		博  縛  駁  搏  膊  亳  胉  猼  僰  壆  駮  嚗  懪  鎛  餺  髆  欂  襮  鑮  簙  爆  鸔
cok3		錯  剒  擉  簎  戳  縒
fok3		縛  霍  攫  矍  攉  臛  藿  彏  戄  玃  蠼  貜  躩  彉  矐  靃  瀖  曤
gok3		各  角  覺  閣  擱  硌  鉻  桷  閤  玨  捔  傕  袼  斠  郝  榷  胳  咯  虼  較  肐  腳  搉  鮥
gwok3		國  擴  郭  廓  蟈  槨  幗  崞  嘓  墎  漷  膕  簂  霩  彉  彏  漍  玃  矍  聝  貜  躩  钁  馘  摑  攫  囗  慖
hok3		殼  嗃  嗀  熇  鄗  矐  嗀
kok3		確  壑  榷  涸  恪  郝  埆  愘  确  塙  搉  愨  碻  礐  觳  硞  礭
kwok3		擴  廓  彉  鞹  躩  霩  漷  籗
lok3		洛  絡  駱  烙  咯  酪  珞  犖  雒  躒  胳  漯  樂  硌  貉
mok3		摸
ngok3		噁  堊  惡
pok3		鏷  撲  樸  噗  朴  粕  璞  扑  釙  猼  蒪  鞄  墣  醭  濼  蹼  轐  烞  瞨
sok3		數  索  朔  搠  欶  嗍  揱  槊  蒴  箾  鎙  鎍  塑  萷  嗦  嗽  溹  洬
tok3		托  託  拓  魄  柝  乇  侂  沰  庹  飥  跅  馲  魠  橐  蘀  籜
wok3		雘  矱  蠖
zok3		作  筰  昨  柞  迮  笮
on3		案  按  桉  摁  胺  洝  荌
gon3		幹  榦  旰  矸  骭  簳  桿  干  盰
hon3		看  漢  厂  衎  暵  熯  侃
ngon3		案  按  桉  摁
ong3		盎  軮  醠
bong3		甏  搒  謗  艕  榜
cong3		創  闖  愴  刱  凔
dong3		當  擋  檔  儅  礑  闣  攩
fong3		放  況  貺  兄  軦
gong3		降  鋼  槓  杠  絳  洚  棡  袶
gwong3		礦  桄  誑  迋  矌  臦  臩  撗
hong3		炕  烘
kong3		抗  炕  伉  亢  夼  匟  犺  邟  絖  鈧  閌  懭  爌  穬  阬  頏  鏮  壙  曠  鄺  礦  纊  擴  骯  囥  硻
kwong3		礦  曠  鄺  壙  絖  懭  爌  穬  纊  擴  夼  桄  矌
ngong3		盎
pong3		榜  謗  嗙  搒  艕  耪
song3		喪
tong3		趟  燙  盪  湯  鐋  熨  摥
zong3		壯  葬  戇  獞  僮  奘  焋
got3		割  葛  嶱  輵  轕  噶  獦  騔
hot3		害  喝  渴  褐  蝎  曷  暍  嵑  猲  毼  鞨  鶡  愒  欱  獦
ou3		澳  奧  懊  嶴  墺  芺  隩  噢  襖  塢  燠  扷
bou3		報  布  佈  埔  怖  抪  餔  儤  咘  忁  誧
cou3		造  錯  操  措  燥  醋  躁  噪  糙  厝  譟  喿  慥  鄵  氉  矂  趮  澡  酢  懆  肏  簉  煰  鐰
dou3		到  倒  妒  蠹  捯  斁  道  秅  秺  菿  箌
gou3		告  膏  誥  郜  鋯
hou3		好  耗  犒  秏  藃
ngou3		嶴  芺  澳  隩  奧  懊  墺  襖
pou3		舖  鋪  甫  堡
sou3		數  素  訴  塑  掃  溯  臊  漱  愫  愬  嗉  泝  埽  傃  膆  瘙  氉  嫊  榡  縤
tou3		套  吐  兔  唾  菟  堍  鵵
zou3		灶
fu3		富  副  庫  褲  賦  褔  戽  衭  咐  胯  覆  鍑  蚨  洑  趶  瘔
gu3		故  固  顧  估  僱  雇  錮  痼  崮  堌  稒  詁  凅  沽  酤  棝
wu3		惡  噁  污
bui3		背  輩  貝  揹  狽  鋇  邶  浿  偝  褙  悖  北  誖  旆  梖  倍  牬  珼  鄁
fui3		悔  晦  誨  喙  顪  痗  餯
kui3		禬  會  廥  憒  旝  檜  澮  襘  鄶  鬠  聵  繪  儈  鱠  槶  蔮
pui3		配  佩  沛  珮  昢  旆  茷  琲  霈  肺  妃  茇  伂  姵
wui3		薈  會  徻  瞺
cuk3		豖
suk3		索
zuk3		捉
bun3		半  姅  靽  絆
gun3		觀  灌  貫  冠  罐  鸛  盥  毌  悺  涫  祼  爟  瓘  矔  鑵  棺  雚  淉  鱹
pun3		判  胖  拚  拌  沜  泮  牉  頖  姅  溿  詊
ung3		甕  蕹  罋  齆  瓮
cung3		衝  揰  銃  尰  謥  欉
dung3		凍  棟  崠  涷  蝀  湩
fung3		風  諷  覂  賵  葑  泛  焨
gung3		供  貢  贛  嗊  渱  愩  羾
hung3		空  控  嗅  灴  鞚  哄  訌  烘  倥  汞  鬨
jung3		雍
ngung3		蕹  齆  罋  甕
pung3		碰  踫  掽  椪
sung3		送  宋
tung3		痛  疼
zung3		中  種  眾  縱  綜  粽  瘲  穜  傯  湩  從  种  偅  堹  錝
but3		缽  鱍  襏  砵  般  撥  發
fut3		闊  蛞
kut3		括  豁  鴰  聒  栝  适  筈  濊  髺  鬠  蛞  活  姡  懖  葀  萿  眓
mut3		抹  沫  秣
put3		潑  撥  醱  鏺
cyu3		處
jyu3		淤  煦  酗  瘀  棜  飫  醧  饇  嫗  呴  喣  休
syu3		俞  處  恕  庶  戍  腧  署  謶  鏣
zyu3		著  注  駐  註  鑄  蛀  炷  殶  疰  罜  紸  鉒  馵  翥  足  箸  壴  祩  軴
cyun3		串  寸  吋  竄  攛  釧  爨  玔  縓  烇  賗  諯
dyun3		斷  鍛  腶  碫  踹
gyun3		卷  絹  眷  狷  帣  悁  婘  睊  絭  罥  鄄  睠  韏  獧  鬳  券  弮  懁  惓  犈  觠  讂
hyun3		勸  券  絢  楦  眴  楥  綣  敻  禤  矎  洵  駽  牶  讂
jyun3		怨  夗  惌
syun3		涮  孿  算  蒜  渲  筭  匴  選
zyun3		轉  鑽  鉆  捘  縳  鐏  傳  囀
cyut3		卒  撮  踅  猝  捽  椊  繓  咄  啜  歠  茁
gyut3		劂
hyut3		血  吷  泬  狘  瞲  決  岤  趐  怴
jyut3		鳦  黦  乙  釔  爇  噦
kyut3		決  缺  厥  訣  抉  鴃  撅  獗  噘  蹶  蕨  钁  闋  譎  孓  闕  炔  橛  劂  觼  鱖  泬  玦  芵  觖  趹  鈌  蒛  駃  潏  瘚  鵙  鐍  蟨  璚  憰  鶪  嶡  吷  僪  鷢  殌  赽  趉  蚗
lyut3		劣  捋  哷  埒  脟  酹  鋝
syut3		說  雪  鱈  唰
tyut3		脫  挩  侻  莌  梲  稅
zyut3		蝃  蕞  絕  綴  茁  拙  輟  啜  掇  絀  裰  嘬  剟  窋  惙  梲  棳  琡  腏  畷  罬  醊  蕝  錣  餟  歠  敪  咄  橇  毲  毳  柮  攥  揝  欼  準  黜  泏  嚽  貀  鵽  蠿
aa4		啊
caa4		查  茶  搽  槎  楂  秅  垞  荼  苴  塗  茬  捈
faa4		吪
gaa4		嘎
haa4		霞  蝦  蛤  遐  瑕  瘕  赮  蕸  騢  啊  暇  徦  碬  鍜
maa4		嗎  麻  嘛  痲  蟆  痳  嬤  媽  犘
naa4		拿  哪  拏  挐  娜  蒘
ngaa4		牙  芽  衙  蚜  枒  伢  岈  琊  吾  玡
paa4		爬  扒  耙  琶  杷  朳  掱  鈀
saa4		卅
waa4		花  華  划  鏵  鋘  驊  嘩  樺  崋  鷨  釪  釫
caai4		柴  豺  儕  茈  喍  祡
haai4		鞋  諧  骸  龤  孩  偕  瑎  榽  慀  豥
maai4		埋  霾  薶  貍
naai4		奶
ngaai4		涯  崖  捱  啀  堐  睚  挨  淣
paai4		排  牌  俳  箄  棑  簰  猈
waai4		獲  懷  淮  槐  怀  褱  褢  櫰  蘹  瀤
caam4		蠶  慚  饞  讒  巉  毚  蚕  獑  劖  嚵  瀺  欃  鑱  漸  儳  嶄  磛  艬  酁
haam4		咸  函  鹹  銜  涵  啣  諴  麙  嗛  堿  魽  肣  羬
laam4		藍  籃  婪  襤  嵐  惏  嚂  礛  灆
naam4		南  男  喃  囡  楠  囝  柟  蚺  蝻  諵  隆  抩  暔  莮  萳
ngaam4		岩  癌  巖  碞  麙  嵒  啽  儑  壧  礹  羬
taam4		談  潭  譚  痰  澹  曇  覃  罈  倓  惔  郯  憛  燂  錟  餤  蟫  藫  醰  鐔  淡  橝  埮  嘾  婒  顃  襑
caan4		殘
faan4		凡  繁  煩  帆  藩  蕃  礬  樊  釩  墦  軓  笲  燔  璠  膰  薠  羳  蹯  颿  瀿  鐇  蘩  蠜  鷭  梵  汎  繙  氾  袢  蟠  瀪  勫  杋  柉  籵
haan4		澖  閒  閑  嫺  嫻  憪  癇  鷴  鷳  間  蛝
laan4		蘭  欄  攔  瀾  斕  闌  籣  襴  灡  讕  鑭  躝  欗  暕  譋
maan4		蠻  蔓  饅  鰻  謾  姏  鬘  鏝  曼  漫  槾  澫
naan4		難  奻
ngaan4		顏  虤  研  楌
saan4		潺  孱  僝
taan4		彈  壇  檀  枟  鷤  榃  驙  貚
waan4		還  環  玩  頑  寰  鍰  鐶  圜  鬟  澴  抏  繯  闤  灣  嬛  轘  郇  翫
caang4		橙  倀  朾  掁  棖  撜  瞪  崢  鍠  埩  揨
haang4		行  桁
maang4		盲  氓  盳  鄳  莔
paang4		膨  棚  澎  彭  鵬  憉  輣  蟛  錋
waang4		橫  衡  喤  黌  韹  揘  諻  鑅
caau4		巢  鄛  樔  轈  漅  勦  窲
haau4		姣  洨  絞  郩  笅
laau4		撈
maau4		矛  茅  錨  蝥  媌  髳  蟊  貓  犛  茆  渵  洠  嫹  鉾  鶜  毛
naau4		嶩  撓  錨  呶  蟯  橈  鐃  怓  峱  挐  猱  獶  夒  譊  獿
ngaau4		淆  餚  肴  爻  崤  殽  洨  筊  熬  爊  笅
paau4		刨  咆  鉋  鑤  庖  匏  炰  鞄  泡  炮  跑  颮  麃  齙  瓝  瓟
cai4		齊  薺  蠐  懠  鱭  癠  霽  麡  釮  艩
hai4		兮  蹊  奚  郋  傒  徯  螇  貕  騱  鼷  嵇  榽  豯
kwai4		攜  葵  逵  畦  揆  夔  頄  馗  戣  暌  聧  頯  騤  酅  蠵  犪  觿  鑴  驨  睽  隗  躨  奊  瓗  楑  纗  鄈
lai4		來  黎  犁  藜  蔾  黧  蠡  鯬  菞  謧
mai4		迷  謎  霾  醚  瞇  麛  糜  眯  麋  麊
nai4		泥  坭  臡  屔
ngai4		兒  危  巍  霓  倪  麑  婗  猊  郳  嵬  蜺  輗  鯢  犩  齯  桅  磑  堄  魏  隗  儿  麛  洈  淣  峗  峞  觬
tai4		題  提  堤  啼  蹄  隄  鯷  醍  緹  荑  偍  媞  稊  綈  禔  蕛  謕  鵜  騠  鶙  鶗  鷈  鷤  鼶  厗  崹  徲  珶  惿  磃  趧  蝭  鍗  褆  踶
wai4		為  圍  維  唯  遺  惟  違  韋  桅  圩  帷  闈  幃  濰  囗  鄬  潿  鮠  湋  褘  喡  蓶  醀  鍏  欈
cam4		沈  尋  沉  潯  噚  撏  鄩  燅  燖  蕁  鬵  灊  鱘  湛  覃  鐔  爓  璕  枔  攳  莐  鈂  襑
dam4		榃
ham4		含  酣  邯  唅  焓  銜  啣  嗛  谽  嵅  梒  蜬  鋡  笒
jam4		任  吟  淫  妊  壬  霪  冘  紝  婬  崟  銋  鵀  檐  簷  碞  蟫  鐔  鷣  烎  苂  荶
kam4		琴  禽  擒  噙  芩  靲  檎  矜  菳  澿  庈  肣  雂  忴  軡  耹  蚙  鈙  鳹
lam4		林  臨  淋  琳  霖  痳  菻  箖  惏  碄
nam4		淰  腍  煁
ngam4		扲  啽  吟  玵  雸
sam4		忱  涔  岑  諶  梣  愖  煁  芩  侺  埁  笒
can4		陳  塵  蔯  樄  螴
fan4		墳  焚  汾  棼  賁  妢  枌  羒  蚡  蒶  幩  濆  蕡  鼢  羵  鼖  豶  轒  黂  魵  頒  鳻  梤  炃  橨  鐼
han4		痕  拫  鞎
jan4		人  仁  寅  儿  夤  殥  紉  芢  蔩
kan4		勤  芹  廑  慬  斳  懃  矜
kwan4		群  裙  宭  麇
man4		民  文  聞  紋  蚊  雯  氓  閩  緡  岷  玟  忞  旼  旻  苠  罠  痻  閿  闅  鼤  鼆  汶  抿  璺  甿  魰  崏  琝  閺  芠  蕄  鈱  錉  鳼  敯  駇
ngan4		艮  銀  垠  齦  鄞  狋  圁  狺  誾  嚚  齗  圻  訢  檭
pan4		頻  貧  蘋  瀕  嬪  顰  嚬  玭  矉  蠙
san4		神  晨  臣  辰  宸  桭  鷐  蜃  麎
tan4		飩  揗
wan4		員  雲  勻  魂  渾  暈  云  耘  芸  紜  餛  昀  琿  筠  妘  沄  畇  楎  溳  鄖  澐  鋆  篔  縜  蕓  餫  鼲  雈  混  伝  棞  熉  繉  轋  眃
cang4		曾  層  嶒  鄫  繒  增  驓  碀
fang4		揈
hang4		行  衡  恆  莖  桁  姮  珩  胻  蘅  恒  洐  楻  烆
mang4		盟  萌  甍  氓  甿  瞢  虻  嫇  蕄
nang4		能  坉  而  儜  耐
pang4		朋  憑  馮  硼  倗  堋  弸  淜  磞  鬅  榜  搒  篣  蒡  輣  傰
tang4		騰  疼  藤  籐  滕  謄  縢  螣  邆  揗
wang4		宏  弘  泓  閎  吰  汯  竑  浤  紘  翃  耾  谹  鈜  鞃  鋐  彋  嶸  霐  苰  竤
cau4		籌  酬  仇  綢  稠  囚  躊  疇  酋  惆  讎  泅  紬  裯  儔  崷  詶  遒  蝤  雔  鮂  幬  懤  犨  唒  嬦  栦  椆  煪  燽  苬  菗  薵  絒  鰽  鯦  恘
fau4		浮  蜉  芣  涪  裒  罘  紑  烰  琈  罦  鴀  枹  桴  衃  剻  姇  艀
hau4		喉  猴  侯  瘊  篌  銗  翭  鍭  餱  鯸  垢  葔  翵
jau4		由  油  尤  游  遊  猶  柔  郵  悠  揉  酋  鈾  蹂  攸  蝣  泅  鞣  輮  疣  猷  魷  鯈  冘  囮  沋  怞  斿  庮  浟  蚰  訧  逌  楢  楺  葇  蕕  輶  繇  柚  揄  蝤  鍒  鑐  擩  厹  尢  偤  媃  騥  揂  莤  秞  蝚  鶔  鰇
kau4		求  球  仇  裘  巰  毬  逑  梂  厹  犰  朹  艽  虯  俅  訄  釚  絿  蛷  觩  賕  璆  銶  鼽  捄  觓  釓  頄  殏  莍  紌  趜  盚  鯄
lau4		流  留  樓  硫  劉  餾  榴  嘍  摟  琉  瘤  僂  遛  螻  瀏  婁  鎦  髏  耬  蹓  鎏  旒  寠  廔  慺  摎  漻  蔞  窶  艛  蟉  懰  鏐  鞻  飂  騮  飀  鰡  鶹  溜  塿  斿  漊  膢  鷚  鷜  嵧  媹  熡  蓅  藰  麍  裗
mau4		母  謀  牟  繆  眸  哞  侔  蛑  鍪  麰  鞪  蝥  蟊  髳  堥  鉾  鴾
nau4		峱
ngau4		牛
pau4		抔  裒  垺  掊  捊
sau4		愁  仇  雔  讎  犨
tau4		酘  頭  投  骰  牏
ce4		斜  邪  輋  荼
je4		爺  斜  邪  耶  揶  椰  琊  玡  歋  婼  擨
ke4		騎  茄  伽  瘸
le4		咧
se4		蛇  佘  闍  輋  畬
fei4		肥  腓  婓  淝  蜰  痱  萉  蟦
kei4		蟣  其  期  奇  枝  旗  騎  祇  棋  鰭  歧  祈  俟  琪  祺  淇  琦  耆  岐  祁  頎  麒  圻  錡  亓  肵  疧  旂  蚑  埼  跂  萁  碕  隑  綦  蜞  鬿  鮨  騏  鯕  蘄  鬐  騹  碁  伎  畿  示  崎  丌  衹  濝  岓  掑  魕  玂  忯  藄  軝  鄿  蚚  蚔  鶀  鵸  秖
lei4		離  厘  璃  梨  狸  籬  漓  鸝  釐  驪  罹  藜  琍  蜊  貍  犛  魑  梩  筣  嫠  氂  漦  篱  縭  褵  醨  鵹  孋  灕  蘺  鱺  霾  杝  剺  纚  麗  离  孷  樆  斄  謧  鑗  蠫
mei4		微  眉  彌  瀰  黴  湄  薇  糜  楣  麋  嵋  冞  堳  郿  溦  縻  獼  攠  爢  蘼  醾  媚  靡  穈  濔  霉  攗  麊  徾  瑂  瓕  蘪  瞴  覹  癓  霺
nei4		呢  尼  妮  彌  瀰  怩  禰  獼  屔  跜  秜
pei4		比  皮  罷  疲  脾  琵  毗  裨  枇  紕  埤  陴  鈹  鼙  阰  芘  邳  毘  笓  蚍  郫  椑  膍  蜱  魾  貔  鞞  啤  稗  陂  詖  岯  崥  駍  毞  猈  蚽  蚾  鵧  螷  蠯
ceng4		晴
jeng4		贏
leng4		靈  鯪
meng4		名
peng4		平  瓶
seng4		成  城
ceoi4		除  隨  徐  廚  摧  隋  椎  捶  鎚  槌  搥  箠  棰  腄  菙  膗  崔  櫥  滁  磪  篨  錘  魋  屠  鉏  蜍  涂  沝  湷  凗  慛  蒢
jeoi4		桵  緌  蕤
keoi4		渠  鼩  氍  劬  璩  瞿  衢  斪  朐  胊  絇  軥  豦  懅  蕖  鴝  磲  蟝  灈  蘧  鐻  臞  籧  蠷  躣  蠼  腒  欋  痀  淭  匷  菃  葋  翑  翵  蚼  螶
leoi4		累  雷  驢  擂  纍  閭  鐳  櫚  縲  嫘  羸  樏  氀  畾  檑  櫑  藘  罍  蘲  轠  儽  欙  虆  蕾  婁  騾  蔂  瘰  盧  壨  膢  瓃
seoi4		誰  垂  錘  陲  箠  倕  厜  圌  脽  埣
teoi4		頹  僓  隤  魋  穨  藬  弟  蹪  弚
ceon4		秦  循  巡  旬  馴  紃  栒  螓  溱  蓁  灥  嫀
leon4		惀  論  輪  鄰  倫  鱗  侖  淪  磷  綸  崙  掄  麟  嶙  圇  粼  遴  轔  膦  燐  璘  菕  潾  疄  瞵  鏻  驎  壣  駗  棆  陯  暽  翷  繗  碖  踚  蜦  錀
seon4		純  唇  脣  醇  淳  鶉  焞  犉  漘  蓴  紃  錞  馴  湢  屯  肫  鯙
teon4		囤
ci4		治  持  磁  詞  遲  池  辭  瓷  慈  馳  匙  茲  弛  祠  茬  疵  踟  臍  薺  茨  茌  泜  墀  坻  歭  荎  茈  蚳  箈  箎  餈  篪  薋  鶿  漦  踶  子  訾  濨  澬  沶  徲  嬨  柌  貾  跢  迡  謘  鈶
ji4		而  兒  台  疑  移  宜  儀  蛇  誼  姨  咦  夷  怡  胰  貽  皚  迤  頤  痍  飴  圯  沂  迆  栘  訑  彝  匜  杝  侇  狋  柂  洟  洏  耏  衪  陑  宧  桋  栭  眙  胹  貤  迻  酏  唲  眱  袘  羠  聏  袲  詒  椸  輀  螔  嶷  簃  鮞  鴯  臑  觺  鸃  擬  涯  荑  儿  异  崺  溰  沶  洍  侕  峏  峓  嶬  寲  珆  顊  熪  瓵  恞  暆  荋  萓  蔩  跠  詑  耛  蛦  鉹  鏔  箷
ni4		抳
si4		時  匙  鰣  塒  姼  榯  蒔  鍉  提  溡  鼭
cim4		潛  燅  燂  鬵  灊  撏  蕁
jim4		嚴  巖  鹽  嫌  炎  焰  檐  簷  閻  髯  呥  阽  蛅  蚺  閆  壛  柟  袡  燄  芫  孍  爓
kim4		鉗  黔  拑  鈐  箝  岒  黚  鍼  仱  坩  柑  忴  軡  蚙  鳹  羬
lim4		廉  簾  鐮  帘  奩  濂  溓  磏  鎌  蠊  鬑  瞼  蘞  搛  覝  槏  薕  譧
nim4		黏  粘  鯰  拈  麶
sim4		禪  簷  蟾  裧  襜  嬋  蟬  單  檐  棎  澶
tim4		甜  恬  湉  菾  煘
cin4		前  錢  纏  廛  瀍  躔  繵  湹  媊  騚
jin4		然  研  言  燃  延  賢  弦  焉  絃  筵  蜒  舷  涎  妍  唌  埏  狿  莚  蚿  郔  揅  綖  鋋  羡  橪  羨  漹  娹  妶  娮  玹  胘  礥  誸
kin4		乾  虔  掮  揵  鰬  身  墘  犍  騝  榩
lin4		連  憐  蓮  鏈  漣  鰱  璉  褳  嗹  謰  槤  摙  零  怜  翴  縺  蹥
min4		棉  眠  綿  媔  櫋  矊  婂  矏  蝒
nin4		年  姩  哖
pin4		便  駢  胼  諞  楩  楄  跰  緶  蹁  骿  揙
sin4		單  禪  蟬  嬋  澶  儃  鋋  亶
tin4		田  填  佃  滇  畋  鈿  闐  沺  搷  磌  窴  寘  甸  屇  貚  鷏
cing4		成  情  程  呈  晴  瞪  懲  澄  埕  裎  酲  澂  餳  殑  氰  珵  徵  脭  蟳
jing4		冰  鈃  形  仍  營  型  迎  凝  刑  贏  扔  蠅  盈  螢  瑩  縈  熒  嶸  陘  塋  楹  嬴  邢  硎  瀛  艿  礽  侀  娙  陾  滎  鉶  濴  謍  瀅  鎣  瀠  瀯  籯  夃  巆  攍  藀  覮  鋞
king4		鯨  擎  瓊  檠  勍  殑  惸  煢  嬛  擏  璚  藑  黥  凝  請  瓗  樈  橩  憌  葝  赹  瞏
ling4		令  零  靈  齡  鈴  玲  陵  凌  菱  楞  伶  聆  稜  棱  羚  翎  櫺  蛉  綾  囹  苓  泠  蔆  鴒  呤  夌  岭  怜  狑  柃  瓴  堎  崚  淩  笭  舲  詅  軨  輘  薐  霝  酃  蘦  醽  欞  檸  拎  鯪  愣  磷  橈  澪  倰  爧  坽  彾  姈  婈  琌  駖  昤  蕶  砱  踜  皊  靇  錂  裬
ming4		明  名  鳴  冥  銘  螟  茗  瞑  暝  酩  洺  眳  嫇  溟  鄍  榠  蓂  覭
ning4		宁  寧  擰  檸  獰  嚀  寍  甯  儜  薴  聹  鸋  嬣  鑏
ping4		鉼  平  評  秤  瓶  蘋  屏  砰  坪  萍  駢  枰  帡  洴  苹  郱  荓  缾  軿  竮  抨  蓱  呯  玶  蛢
sing4		成  城  乘  盛  承  誠  繩  丞  塍  澠  郕  宬  晟  鋮  溗  鱦  氶  峸  騬  憴  荿  譝
ting4		庭  停  廷  亭  蜓  婷  霆  莛  渟  楟  筳  綎  葶  鼮  嵉  娗  榳  聤  蝏  閮
wing4		榮  嶸  蠑  揘  爃
ciu4		朝  潮  瞧  憔  樵  晁  譙  睄  劁  嫶  嶕  燋  鐎  潐  牊  菬
jiu4		搖  遙  陶  謠  窯  堯  姚  饒  僥  瑤  徭  嬈  洮  蟯  榣  垚  珧  傜  軺  媱  愮  猺  銚  嶢  蕘  繇  颻  鰩  橈  鷂  襓  脁  嗂  顤  摿  烑  穘
kiu4		橋  僑  翹  喬  蕎  荍  嘺  礄  趫  嶠  轎  顤  毊  犞
liu4		了  療  瞭  遼  聊  僚  寮  撩  寥  嘹  繚  潦  燎  獠  鐐  翏  嵺  憀  漻  膋  嫽  嶚  敹  橑  膫  簝  蟟  豂  飂  飉  鷯  屪  憭  釕  佬  顟  窷  镽
miu4		描  貓  苗  瞄  鱙
niu4		嬲
piu4		瓢  嫖  滮  瀌  螵  淲  朴
siu4		玿  韶  芀  迢  苕
tiu4		跳  鯈  條  調  迢  笤  佻  苕  蜩  芀  岧  怊  蓨  髫  鞗  齠  鰷  嬥  祒  趒  鎥
m4		唔  呣  嘸
ng4		吳  唔  吾  蜈  梧  鼯  峿  浯  郚  珸  鋙  鋘  鯃  洖
o4		哦
co4		鋤  雛  痤  矬  媰  耡  鉏  瘥  醝  鶵  鹺  嵯  酇  齹  蒫  蔖
ho4		何  河  荷  蚵  菏  苛  渮  魺
lo4		羅  螺  蘿  囉  騾  邏  鑼  籮  玀  儸  腡  蠃  覶  欏  鸁  蠡  摞  漯  剆  攎  鏍
mo4		磨  饃  蘑  藦  劘  摩  無  魔  髍
no4		那  娜  挪  儺  挼  捼  撋  難  哪  梛  橠
ngo4		俄  哦  鵝  蛾  娥  峨  訛  硪  吪  囮  莪  睋  鋨  涐  魤  珴  枙  皒  迗
po4		婆  鄱  皤  繁  搫  櫇  番
so4		傻
to4		阤  駝  馱  陀  鴕  沱  跎  坨  砣  佗  柂  紽  堶  酡  鉈  鮀  驒  鼉  杝  柁  舵  池  岮  碢  詑  袉
wo4		和  禾  盉  鉌  龢  咼  澕  姀
koe4		瘸  翗
coeng4		長  場  詳  牆  墻  腸  祥  翔  爿  薔  萇  戕  檣  嬙  庠  廧  蘠  羊  仩
joeng4		痒  陽  洋  揚  羊  楊  煬  攘  瘍  佯  烊  徉  穰  禳  暘  鍚  颺  垟  昜  蛘  瑒  禓  儴  勷  瀼  蘘  鸉  湯  詳  鐊  崵  珜  獽  眻  蝆
koeng4		強  彊  嵹  漒
loeng4		量  良  糧  梁  涼  樑  粱  踉  莨  俍  椋  輬  蜋  諒  駺  綡
noeng4		娘  孃
soeng4		常  嘗  償  裳  嫦  嚐  徜  鱨  倘  鋿
coi4		才  材  財  纔  裁
hoi4		孩  咳  骸  駭  頦  欬
loi4		來  萊  徠  崍  淶  郲  棶  錸  騋  鶆  鯠  庲  箂
ngoi4		呆  皚  獃  騃  敳
toi4		台  臺  抬  檯  颱  苔  邰  跆  薹  炱  駘  儓  鮐  能  嬯  斄  旲  籉
hon4		豻  寒  汗  韓  鼾  榦  犴  邗  邯  虷  甝  馯  幹  頇  哻
cong4		床  藏  撞  幢  橦  膧  臧  鑶
fong4		房  防  妨  坊  魴
hong4		行  降  航  杭  吭  沆  肮  迒  笐  蚢  絎  頏  桁  洚  魧  斻  苀  貥
kong4		鵟  狂  誑
kwong4		狂  鵟  狅  軠
long4		浪  郎  狼  廊  琅  踉  螂  瑯  榔  莨  稂  桹  硠  筤  蜋  鋃  瀧  鎯  崀  啷  駺  欴  羹
mong4		忙  忘  亡  茫  芒  氓  杗  虻  汒  邙  尨  甿  厖  哤  庬  牻  硭  鋩  駹  蘉  痝  朢  望  娏  蛖  笀  莣
nong4		囊  囔  瓤
ngong4		昂  卬
pong4		磅  旁  彷  膀  龐  傍  徬  螃  滂  尨  汸  厖  庬  逄  雱  篣  彭  房  仿  舽
tong4		堂  糖  唐  塘  幢  膛  踼  棠  搪  醣  瑭  螳  溏  逿  煻  樘  螗  赯  闛  瞠  鏜  餳  漟  嵣  榶  橖  蓎  磄  鎕  鶶
wong4		王  黃  皇  簧  煌  蝗  惶  磺  凰  徨  隍  潢  遑  璜  湟  篁  偟  喤  堭  艎  鍠  餭  蟥  趪  騜  鰉  鷬  崲  媓  韹  楻  獚  熿  葟  穔
cou4		槽  曹  嘈  漕  徂  殂  螬  傮  艚  且  嶆  鐰  襙
hou4		號  毫  豪  壕  蠔  嚎  嗥  濠  呺  蚝  勂  譹  籇
lou4		勞  爐  牢  蘆  撈  瀘  嘮  盧  顱  癆  廬  轤  鱸  艫  臚  鑪  浶  玈  僗  嶗  簩  蟧  謱  醪  壚  櫨  鐒  籚  纑  罏  蠦  鸕  澇  簝  驢  慮  嚧  璷  攎
mou4		無  毛  模  亡  膜  髦  巫  誣  蕪  毋  摹  糢  謨  旄  酕  嫫  橆  嫵  摸  氂  鷡  堥  芼  枆  氁  莁  軞  瞴  譕  犛
nou4		奴  駑  帑  孥  笯  猱  夒  峱  獶  呶  蝚
ngou4		熬  翱  遨  嗷  廒  鏖  聱  螯  敖  鼇  滶  隞  摮  獒  璈  磝  謷  爊  鏊  驁  鰲  囂  蔜
pou4		扶  葡  袍  菩  蒲  匍  莆  蒱  酺  浦  脯  捗
tou4		跿  圖  途  徒  逃  塗  萄  桃  陶  掏  淘  濤  屠  荼  洮  啕  酴  檮  燾  匋  咷  悇  涂  稌  瘏  廜  綯  鞀  醄  駣  幬  駼  騊  鵌  翿  鷋  檡  菟  搯  潳  鷵  墿  嵞  峹  捈  梌  祹  蒤  翢  鋾  筡  韕
fu4		夫  乎  符  扶  鳧  芙  枎  胕  苻  蚨  榑  虖  玸
wu4		乎  湖  胡  糊  弧  壺  鬍  蝴  葫  狐  瑚  猢  醐  餬  瓠  楜  衚  魱  鶘  鶦  和  媩  鰗
mui4		煤  枚  梅  媒  霉  玫  莓  苺  脢  腜  塺  禖  鋂  黴  呅
pui4		培  陪  賠  徘  坏  裴  毰  蓓  棓
wui4		回  迴  徊  蛔  茴  洄  佪  恛  蚘  痐  烠  愄  藱  詴
mun4		們  門  瞞  顢  蹣  捫  悗  樠  璊  穈  鍆  鞔  虋  亹  鬗  慲  菛
pun4		盤  盆  胖  蹣  蟠  磐  槃  弁  洀  湓  媻  幋  縏  磻  鞶  般  繁  瘢  瀊  搫  蒰  跘  衯
wun4		援  垣  桓  媛  洹  爰  湲  峘  狟  荁  萑  獂  羦  貆  豲  瓛  緩  雚  蒝  綄  鶢
cung4		從  重  蟲  松  叢  虫  淙  琮  种  悰  漎  瑽  賨  藂  爞  鬃  潀  徖  孮  婃  隀  緟  痋  蝩  錝  欉
fung4		縫  逢  蓬  馮  摓  渢  夆  堸  捀  舽  艂
hung4		紅  雄  洪  熊  虹  鴻  黌  訌  葒  谼  魟  篊  蕻  烘  洚  渱  仜  妅  玒  霟  羾  舼
jung4		容  溶  濃  融  熔  庸  絨  榕  茸  傭  戎  喁  蓉  慵  鄘  鎔  肜  狨  毧  茙  傛  羢  嵱  墉  瑢  顒  瀜  鏞  鰅  鰫  鷛  頌  佣  滽  媶  嫆  嫞  駥  髶  榵  槦  烿  褣
kung4		筇  窮  穹  跫  邛  芎  笻  蛩  銎  藭  桏  舼
lung4		龍  籠  隆  嚨  朧  聾  瓏  窿  矓  癃  巃  瀧  曨  櫳  蘢  礱  蠪  襱  躘  鑨  鸗  攏  龐  龒  豅  谾  靇  鏧  蠬
mung4		蒙  朦  檬  濛  懵  矇  尨  雺  瞢  幪  曚  氋  礞  艨  饛  鸏  儚  夢  罞  鄸
nung4		農  濃  膿  噥  儂  穠  襛  譨  醲  齈  鬞  繷
pung4		蓬  篷  芃  髼  逢  鬅  韸  樥  鑝
sung4		崇  鰫
tung4		同  童  銅  筒  瞳  酮  桐  峒  彤  僮  仝  潼  佟  侗  烔  茼  衕  筩  赨  獞  曈  朣  橦  氃  犝  穜  罿  艟  疼  鼕  鮦  膧  洞  垌  浵  哃  餇  粡  絧  詷  痋  鉖
cyu4		蜍  麆  藸  躇  儲  廚  櫥  躕  幮  除  滁
jyu4		如  與  魚  餘  愉  予  漁  儒  娛  茹  愚  于  余  輿  虞  逾  揄  隅  喁  榆  竽  圩  瑜  渝  蝓  孺  盂  腴  臾  雩  嚅  踰  諛  濡  覦  毹  妤  禺  萸  褕  歟  帤  挐  狳  舁  嵎  湡  畬  袽  隃  歈  牏  艅  睮  窬  羭  蕍  蕠  嬬  鴽  璵  薷  謣  旟  襦  鰅  轝  醹  鸆  齵  鸒  嶼  臑  擩  堣  杅  楰  繻  腢  譽  迂  邘  銣  吾  於  庾  俞  媮  蠕  与  澞  侞  堬  崳  雓  燸  歶  蒘  硢  釪  鮽  筎  螸  籅  曘  蝡
syu4		殊  薯  銖  藷  殳  杸  洙  蜍  茱  朱  陎  蠩  糬
cyun4		全  傳  存  泉  蹲  荃  攢  痊  銓  醛  椽  詮  佺  牷  圌  筌  歂  跧  輇  遄  縓  巑  欑  恮  菆  壿  拴  灥  拵  姾  瑔  駩  椯  暷  絟  謜  鐉  袸  蟤
jyun4		玆  撋  原  元  員  完  圓  源  園  縣  沿  緣  援  鉛  懸  猿  袁  玄  丸  隕  轅  媛  芫  紈  圜  螈  汍  沅  洹  爰  湲  騵  刓  伭  岏  抏  芄  邧  杬  盷  捖  蚖  堧  鈆  嫄  楥  榬  蝝  蝯  羱  壖  黿  櫞  邍  弦  炫  身  鳶  豲  眩  獂  犉  烷  忨  京  椽  允  妧  溒  妶  媴  玹  榞  蒝  謜  鎱  鶢  褑  笎
kyun4		權  卷  拳  蜷  顴  踡  婘  惓  鬈  巏  齤  蠸  犈  腃  觠
lyun4		聯  巒  鑾  孿  攣  鸞  灤  欒  羉  圞  臠  奱  曫
syun4		還  船  旋  漩  璿  舡  琁  璇  輲  鏇  遄  輇  歂  嫙  椯  蔙  諯  蜁
tyun4		鱄  團  屯  臀  豚  囤  糰  摶  坉  忳  芚  剬  軘  剸  慱  漙  魨  篿  鷒  鷻  純  敦  飩  迍  庉  槫  鏄
haa5		下  哈
jaa5		也
maa5		嗎  馬  碼  瑪  螞  榪  鎷  媽  溤  鷌
naa5		那  哪
ngaa5		瓦  雅  疋  厊  佤  庌  蕥
waa5		踝
haai5		蟹  懈  駭  嶰  澥  獬  檞  駴  繲  邂  解  絯  觟  薢  胲
maai5		買  鷶  嘪
naai5		妳  奶  乃  迺  鼐  氖  艿  釢  嬭
saai5		舐  咶
taai5		柁  舵
caam5		嶄  劖
haam5		檻  菡  壏  豏  轞  濫  糮
laam5		覽  欖  攬  杬  爦  灠
naam5		淰  揇  腩  蝻  湳  萳
taam5		醓  淡  禫  贉  黮  澹  啿  嘾
faan5		販  軬  飯
haan5		僩  憪  撊
laan5		懶  嬾  讕  譋
maan5		晚  娩  脕  矕  睌  葂
naan5		赧  戁  熯  嫨
ngaan5		眼  齴
waan5		攌  挽  輓  鯇  綰  鋎
laang5		冷
maang5		猛  蜢  錳  艋  黽  鄳  鱦  瓾
paang5		棒  棓
maau5		牡  鉚  卯  泖  茆  昴
naau5		撓
ngaau5		咬  溔  宎  穾  澫
cai5		薺  鱭  璾
hai5		謑  徯  奊
jai5		曳
kwai5		揆  愧  媿  湀  楑
lai5		禮  醴  澧  蠡  剺  豊  劙  攭  鱧  欚
mai5		米  眯  弭  敉  渳  辟  瞇  咪  蔝  蝆  銤  蛘
nai5		泥  禰  苨  檷  鑈
ngai5		蟻  蛾  掜  隗  頠  螘  檥  礒  艤  顗  轙  姽  齮  钀  峗  峞  嶬  硊
pai5		睥
tai5		弟  悌  娣
wai5		偉  緯  葦  諱  韙  湋  暐  煒  瑋  韡  韋  卉  薳  唯  洧  痏  蒍  蘤  鮪  瀢  濻  儰  徫  椲  蓶  踓  鍏  撱
cam5		蕈
ham5		頷  蜭  顄  肣
jam5		飪  衽  荏  恁  稔  栠
kam5		妗
lam5		稟  凜  廩  檁  懍  壈  浨  顲  醂
nam5		稔  腍  拰
tam5		窞
fan5		奮  憤  噴  忿  坋  僨  魵  歕  墳  扮  賁  牝  弅  膹  橨
jan5		引  忍  蚓  听  縯  靷  朄  戭  螾  癮  鈏
kan5		近
kwan5		窘  箘  莙  菌  蔨  蜠
man5		敏  吻  憫  抿  閩  泯  閔  刎  抆  湣  愍  澠  怋  敃  笢  暋  黽  僶  鰶  紊  歾  惛  搵  潣  刡  呅  呡  簢  蠠  敯
pan5		牝  臏  髕
san5		腎  蜃  脤
wan5		允  隕  殞  尹  抎  狁  荺  霣  韻  蘊  醞  菀  馻  阭  鈗  笉
hang5		悻  涬
cau5		愀
hau5		厚  垕  郈
jau5		有  友  誘  莠  酉  牖  禸  卣  羑  庮  銪  槱  煣  輮  蹂  輶  韖  栯  粈  苃
kau5		舅  臼  麔
lau5		柳  摟  簍  綹  塿  嶁  罶  縷  褸  懰  茆  蔞  珋  藰
mau5		某  畝  牡  牳  踇
nau5		紐  忸  妞  扭  朽  杻  狃  鈕  禸  炄  粈  莥
ngau5		偶  藕  耦  蕅  腢  窔  吘
je5		若  野  惹  冶  喏  埜  漜
le5		褦
me5		乜  羋
se5		社  舍
ze5		這
kei5		企  跂  徛
lei5		裏  理  里  李  哩  履  鯉  俚  邐  浬  娌  裡  鋰  峛  妳  悝
mei5		美  尾  鎂  靡  弭  娓  敉  渼  媺  艉  葞  濔  亹  瀰  羋  浘  灖  媄  斖
nei5		你  您  妳  旎  柅  苨  禰  馜  隬  檷  狔
pei5		被  婢  庳  否  圮  痞  睥  鞁
leng5		領  嶺  岭
teng5		艇
heoi5		佢
jeoi5		蕊  擩  繠  橤  緌
keoi5		距  拒  佢  竘  岠
leoi5		誄  裏  旅  累  鋁  壘  屢  履  縷  侶  蕾  呂  儡  褸  磊  漯  膂  郘  梠  絫  磥  儢  癗  謱  櫑  櫐  藟  穭  灅  蠝  鸓  閭  耒  僂  蜼  裡  礨  礌  纍  儽  挔  頛  祣  絽  讄  鑸
neoi5		女  釹  腇  餒  籹  餧  浽  娞
seoi5		緒  髓  墅  嶲  巂  瀡  絮  雟  靃
leon5		卵  僯  稐
seon5		盾  楯  吮  揗
teon5		盾  楯  腯
ci5		似  恃  柿  姒  汜  峙  兕  跱  耜  偫  洍  鈶
ji5		以  已  議  耳  爾  擬  矣  迤  邇  洱  迆  尒  佁  苡  崺  鉺  儗  駬  薿  薾  酏  佴  栮  鉯
si5		畤  市  恃  鈰  試
cim5		僭  槧
jim5		染  冉  儼  苒  姌  剡  扊  琰  橪  顩  淡  棪  孍  珃  曮  礹
lim5		臉  溓  羷  歛  斂  襝  薟  蘞  瀲  嬚
nim5		捻
tim5		餂  簟  驔  恬  扂  忝  掭
cin5		踐  俴
jin5		演  衍  兗  沇  俔  晛  睍  甗  巘  熯  縯  讞  椼  抁  嵃  馻  阭  萒  蔩
lin5		攆  輦  璉  僆  摙  鄻
min5		免  勉  緬  冕  丏  靦  湎  娩  沔  偭  眄  愐  鮸  澠  俛  絻  黽  喕
nin5		輾  碾  涊  撚  躎
pin5		諞  褊  誁
sin5		鱔  潬  鱣  灗
tin5		殄
hing5		脛
jing5		郢  浧  梬  矨
ling5		領  嶺  令  呤  岭  彾
ming5		皿  茗  酩  冥  銘  瞑  溟  暝  蓂  嫇  姳  慏
ting5		艇  梃  圢  侹  珽  脡  鋌  濎  頲  挺  町  娗  閮  烶
wing5		永
ciu5		悄
jiu5		繞  擾  舀  扰  抭  偠  溔  遶  騕  嬈  皛  揄  隢  榚
kiu5		皛  繑
liu5		了  瞭  蓼  暸  釕  鄝  憭  燎  僚  嫽  潦  嬼  镽
miu5		秒  渺  藐  緲  杳  杪  邈  眇  訬  淼  窈  篎
niu5		鳥  裊  嬝  嫋  蔦  褭  嬲
piu5		瞟  縹  鰾  殍  摽  剽  莩  慓  醥  皫  顠  僄
tiu5		挑  窕  窱  嬥  條  誂  朓  趙  絩
ng5		五  午  伍  忤  仵  啎  牾  玝
co5		坐
lo5		卵  瘰  砢  臝  蓏  蠃  裸  剆  藞
mo5		嬤  麼  冇
no5		那  娜  橠
ngo5		我  猗
to5		妥  舵  柁  嫷  橢  隓  詑
wo5		禍  喎
toe5		唾
joeng5		養  氧  仰  壤  嚷  癢  攘  痒  卬  佒  坱  蛘  鬤  瀁  攁  爙  懩  羻  穰
koeng5		強  襁  彊  繈  弶  羥  鏹  膙  謽
loeng5		兩  倆  魎  啢  緉  裲
soeng5		上  鞝
hoi5		駭  頦
noi5		餒  餧
toi5		怠  殆  紿  詒  駘  迨  軩
hon5		旱  捍  旰  悍  睅
hong5		酐  汻
long5		朗  崀  悢  烺  塱  閬  蒗  誏
mong5		網  妄  莽  惘  蟒  罔  网  輞  魍  漭  茻  菵  艸  氓  壾
nong5		攮  曩  躟  灢  忀  擃
ngong5		仰  昂
pong5		玤  蚌  耪  硥  蛖
wong5		往  暀
cou5		造
lou5		老  魯  虜  姥  櫓  鹵  潦  擄  獠  氌  滷  恅  狫  栳  荖  銠  蓾  橑  磠  艣  轑  佬  咾  擼  鐪  鏀  僚
mou5		母  武  舞  侮  姆  拇  姥  鵡  嫵  憮  廡  冇  砪  碔  鉧  嘸  潕  膴  甒  倵  堥  茻  峔  瞴  踇  躌
nou5		腦  努  惱  瑙  弩  砮
pou5		抱  泡  袌  怉
tou5		肚
fu5		婦  萯
mui5		每  浼  挴  潣  燘
pui5		倍  蓓  碚  棓  萯  俖
wui5		會
mun5		滿  悗  曼  懣  暪
pun5		伴  坢
wun5		睆  皖  莞  浣  晥  澣  睅  脘  綄  鋎
cung5		重
jung5		甬  勇  茸  軵  氄  涌  俑  冗  恿  湧  臾  蛹  踊  踴  傇  塎  悀
lung5		攏  槓  壟  隴  儱  徿  籠  篢
mung5		懵  懞  蠓  幪
cyu5		署  柱  儲  曙  佇  苧  杼  紵  宁  芧  羜  貯  楮  褚  杵  砫  嵀  樦  眝  跓
jyu5		篽  與  女  語  雨  予  宇  羽  乳  禹  汝  俁  圄  圉  齬  瘐  庾  敔  与  籹  斞  鄅  楀  瑀  萭  窳  鋙  噳  貐  擩  麌  蘌  偊  醹  峿  穻  寙  頨  斔  祤  蝺
syu5		署  薯  曙
cyun5		雋  吮  沌  瑑
jyun5		遠  軟  阮  蠕  鉉  泫  耎  蝡  鞙  瓀  薳  礝  原  緛  贙
lyun5		戀  孌  臠  脟
nyun5		暖  煖  渜  餪
syun5		吮  雋
tyun5		斷
baa6		吧  罷  唄  猈  矲
haa6		下  夏  廈  暇  煆  芐
jaa6		廿  廾
maa6		罵  螞  傌  榪  禡  鬕
naa6		那
ngaa6		齖  御  訝  迓  砑  掗  瓦  犽
waa6		花  話  畫  華  樺  崋  罫  觟  摦  槬  絓  繣  罣  詿  澅  嬅  纗  諙
zaa6		乍  蜡  咋  齰
baai6		敗  唄  憊  稗  粺
daai6		大  汏  軑  釱
haai6		解  械  嗐  邂  薤  觟  叡  廨  韰  瀣  齘  懈  駭  絯  骱  吤  祄  迦
laai6		落  賴  籟  瀨  酹  藾  厲  癘  癩  犡  娕
maai6		賣  邁  勱
naai6		褦  佴
ngaai6		艾  刈  乂  睚  騃  哎  娾  鴱  餀
waai6		壞  瘣  蘾  坏  恚
zaai6		寨  豸  眥  砦  廌  柴
baak6		白  蔔  帛  匐  菔  踣  舶  僰  孛  卜  殕
caak6		賊  蠈
laak6		肋  砳  勒
maak6		麥  墨  驀  萬  万  眽  脈  霢  貉  陌  貊
ngaak6		額  逆  詻  峉
waak6		或  畫  劃  惑  砉  湱  嫿  謋  繣  騞  韄  嚄  蜮  划  捇  掝
zaak6		擇  宅  摘  擲  澤  翟  謫  躑  乇  烢  磔  檡  蹢  蠌  襗  擿  嘖  咋  岝  賾  矠  齰  雿  適  睪  鸅  葃
daam6		淡  氮  澹  啖  啗  萏  窞  髧  噉  賧  憺  餤  嚪  霮  黮  倓  惔  禫  贉  伔  埮  啿  嘾
haam6		陷  餡  錎
laam6		濫  艦  纜  檻  嚂  爁  轞  灠  糮
zaam6		站  暫  鏨  蹔  儳  瀺
baan6		辦  瓣  爿  湴  昄  阪  扮
daan6		但  彈  蛋  撣  憚  僤  蜑  燀  亶  澶  膻  誕  撢  襢  柦  暺  觛  泹
faan6		飯  範  犯  范  瓣  梵  笵  軬  鋄  帆  樊  礬  蠜  滼  閞
haan6		限  憪  撊  骭  硍
laan6		爛  糷  瀾
maan6		萬  慢  漫  曼  蔓  幔  鏝  謾  墁  縵  万  卍  脕  僈  嫚  鄤  槾  熳  獌  鰻  饅  澫  鬗  蟃
naan6		難
ngaan6		雁  贗  鴈
waan6		圂  患  幻  宦  豢  漶  薍  攌  繯  轘  擐  眩  瞣
zaan6		賺  撰  綻  棧  攥  輚  饌  僎  揝  篹  譔  轏  孱  僝  瓚  攢  禶  虥
baang6		繃  蹦  唪  堋  塴
gwaang6		逛  俇  誆
maang6		孟  盟
ngaang6		硬
waang6		橫
zaang6		掙
daap6		踏  蹋  沓  遝  嚃  鞜  鞳  疊  涾  誻  錔  佮  龘  濌  禢
haap6		峽  狹  挾  洽  陜  俠  匣  狎  篋  柙  祫  硤  盒  冾  魻  珨  笚
laap6		立  拉  臘  蠟  垃  腊  邋  翋  擸  鑞  蜡  錯  岦  柆  菈
naap6		內  納  鈉  妠  衲  軜  吶  訥  魶  笝
saap6		熠  煠
zaap6		什  習  集  雜  襲  閘  褶  隰  嶍  槢  飁  鰼  雥  卡  喋  蟄  鍘  霅  鈒  騽  鞢  磼  謵  鏶
baat6		茇  魃
daat6		達  噠  薘  繨  鐽  瘩  嗒  迖
laat6		辣  剌  瘌  迾  鬎  列  邋  癩  拉  揧  楋
maat6		襪  靺
naat6		捺
ngaat6		齧  扤  歹  嚙  囓  齕  聐
waat6		滑  猾  黠  螖
zaat6		囋  疾  蒺  嫉
baau6		鮑  齙  鞄
haau6		校  效  傚  恔  殽  詨
maau6		貌
naau6		鬧  淖  臑  撓  橈  鐃  孬
ngaau6		樂
zaau6		掉  棹  櫂  鵫  驟
bai6		幣  斃  弊  敝  陛  稗  薜  坒  狴  梐  蜌  粺  獘  鷩  獙
dai6		第  弟  遞  隸  逮  棣  悌  娣  杕  埭  釱  睼  遰  踶  鷤  締  嵽  睇  珶  梊  焍  軑
fai6		吠  痱  蜚  剕  屝  狒  肥  淝  蜰  疿  鼣  胇  萉
gai6		偈  揭
gwai6		櫃  跪  饋  簣  匱  餽  撌  樻  蕢  鐀  闠  悸  柜  歸
hai6		係  系  繫  盻  禊  檕  傒  慀
jai6		洩  泄  曳  拽  抴  枍  枻  詍  跇  跩  勩  靾  玴  捙
lai6		例  麗  勵  厲  隸  荔  儷  捩  礪  蠣  癘  砅  迣  栵  悷  濿  糲  攦  唳  劙  沴  戾  欐  鱱  犡  廲  曞  禲  瓥  蜧  蠫
mai6		謎  袂  咪
nai6		泥  迡
ngai6		藝  偽  魏  毅  詣  羿  囈  睨  埶  堄  槸  蓺  寱  鮨  襼  倪  燚  讆  栺  帠  晲  藙  蘶  誽
sai6		誓  逝  噬  筮  遰  澨  遾  簭  遞  觢  銴
tai6		弟  悌  娣
wai6		為  位  謂  衛  遺  慧  胃  惠  蝟  彙  彗  渭  蕙  恚  媦  煟  憓  槥  蔧  橞  蟪  譓  鏏  讆  喟  緯  蜼  喂  篲  潓  喡  檅  躗  譿  鏸
zai6		齊  劑  滯  踅  嚌  蹛  穧  墆  眥  懠  癠  銴
dak6		特  螣  蟘  杙
lak6		勒  肋  仂  屴  扐  阞  朸  泐  竻  鰳  叻  氻
mak6		貘  佰  嘿  默  麥  冒  墨  脈  陌  驀  貉  貊  万  眽  覛  嚜  霢  纆  百  蛨  帕  嗼  爅  絔  銆
cam6		譖
gam6		撳  噤  扲  鈙  笒
ham6		憾  撼  嵌  顉  陷  扻  唅  琀  闞  矙  瞰
jam6		妊  紝  任  賃  飪  恁  衽  腍  荏  鵀
lam6		臨
nam6		婻
ngam6		喑
sam6		甚  葚  椹  黮  什
zam6		沉  朕  鴆  栚  酖  眹
ban6		笨  体  坌  夯  泍  炃  坋
dan6		燉  扽  炖  崸
fan6		分  份  坋  忿  秎
gan6		近  僅  饉  覲  瑾  墐  廑  殣
gwan6		郡  珺  鵘
han6		恨  拫
jan6		媵  認  孕  韌  刃  紉  胤  仞  軔  牣  訒  酳  憖  釁  興  舋  湚  屻  肕  鈏
man6		問  文  免  聞  紊  汶  絻  璺  舋  妏
ngan6		韌  垽  猌  憖
san6		慎  胂  腎  蜃  脤  祳  蜄  鋠
wan6		運  均  混  暈  韻  熨  諢  圂  掍  惲  鄆  溷  慁  餫  韗  顐  渾  員  焜  煇  倱  緷  眃  觨
zan6		陣  陳  眹  紖  榐  敶
bang6		憑
dang6		瞪  澄  蹬  鄧  戥  霯
hang6		行  幸  倖  杏  悻  荇  婞  涬  莕  鋞
zang6		贈  甑  罾  繒
gap6		及  岌
hap6		合  蓋  盒  洽  磕  瞌  闔  頜  嗑  盍  閤  郃  溘  欱  烚  搕  榼  鉿  俠  峽  噈  姶  珨  榙  熆  鑉  篕  廅
jap6		入  熠  廿  煜  騽
kap6		及  笈  鷑
lap6		立  搚  鴗  笠  苙  岦
ngap6		岌  圾  岋  砐  喦  歞
sap6		十  什  甚  拾
zap6		霫  集  習  襲
bat6		佛  拔  泌  跋  弼  鈸  犮  胈  苾  菝  軷  鼥  拂  茇  邲  駜  魃  皕  僰  妼  柭  胇  詙  癹
dat6		突  凸  怢  犆  葖  蟘  鼵  吐  腯  鶟  湥  鍎  捸
fat6		佛  乏  罰  伐  閥  筏  怫  咈  坲  岪  疺  茷  瞂  藅
gat6		疙  趷  趌  圪
gwat6		掘  倔  崛  堀  镼  鶌  屈  窟  撅  窋
hat6		核  瞎  轄  紇  閡  劾  黠  檄  翮  籺  搳  舝  覡  麧  礉  齕  覈  獥  蒚  薂  縖  磍  螛  鶷  楁
jat6		日  液  逸  溢  軼  掖  佚  腋  佾  鎰  劮  泆  肸  衵  馹  失  昳  浂  齸  欥  賹  鈤
mat6		物  密  蜜  勿  襪  嘧  謐  沕  宓  芴  滵  蔤  蟔  帕  幦  岉  峚  榓  粅  礣  袹
nat6		吶  訥  肭
ngat6		迄  屹  兀  訖  汔  阢  仡  圪  屼  忔  扢  阣  杌  矹  矻  卼  疙  兀  耴  齀
sat6		實  寔  湜
wat6		核  鷸  聿  抇  矞  搰  潏  獝  燏  遹  鴥  繘  鶻  驈  鱊  囫  噊  瞲  汩  尳
zat6		疾  窒  嫉  姪  蟄  侄  桎  蛭  蒺  銍  厔  庢  挃  郅  秷  膣  螲  礩  洷  槉  祑  螏
bau6		瓿  培  堷
dau6		讀  豆  逗  竇  痘  荳  脰  浢  郖  梪  鋀  餖  瀆
fau6		覆  踣  復  埠  阜  峊  緮  蛗  步
gau6		舊  柩  鯦
hau6		後  候  后  逅  堠  鱟  郈  茩  鄇  怐  洉  垕
jau6		游  遊  有  又  右  佑  釉  囿  柚  祐  侑  宥  鼬  狖  褎  糅  揉  貁  斿  蝣  牰  峟  姷  迶
lau6		露  溜  漏  餾  陋  鏤  遛  蹓  瘺  霤  翏  廇  鷚  塯  鎦  嬼  雡
mau6		貿  茂  謬  繆  袤  懋  楙  瞀  鄮
nau6		耨  糅  獳  檽  鎒  膩  羺
ngau6		吽
sau6		受  售  授  壽  綬
zau6		就  袖  宙  驟  紂  冑  岫  胄  籀  怞  酎  僦  褎  繇  鮦  鷲  鯫  僽  軸  牰  駎  殧
e6		誒  欸
je6		夜  射  偌  廾  廿
ne6		乜
se6		射  麝  社
ze6		謝  藉  榭
ei6		欸  誒
bei6		比  被  備  避  鼻  憊  匕  箄  篦  鞁  骳  髲  糒  奰  襣  贔  簰  蓖  鎞  辟  薜  犕
dei6		地  墬
fei6		翡  狒  剕  厞
gei6		技  騎  忌  妓  伎  芰  洎  忮  惎  誋  跽  鬾  鵋  塈  暨  禨  臮  蔇  鱀  其  茤  諅  邔  貄
lei6		利  離  吏  莉  俐  蒞  痢  詈  浰  猁  鬁  唎  蜊  娳
mei6		未  味  媚  魅  寐  菋  煝  鮇  汆  沒  蝞
nei6		泥  膩  餌  毦  珥  眲  衈  鈮
dek6		笛  篴  糴
kek6		劇  屐  醵  噱  臄
lek6		壢
pek6		劈  擗
sek6		石  碩  祏  鼫  鉐
zek6		蓆
beng6		病
deng6		定  地  訂  掟
meng6		命
zeng6		凈  淨  鄭  阱
deoi6		隊  兌  懟  憝  錞  薱  譈  鐓  敦  瀩  頧  濧  鈗
geoi6		具  距  巨  懼  鉅  炬  遽  苣  犋  颶  瞿  岠  秬  粔  蚷  詎  寠  虡  駏  澽  窶  醵  鐻  懅  埧  洰  姖  耟  貗
jeoi6		銳  裔  睿  汭  枘  芮  蚋  叡  蕊  兌  梲  蕤  鈗  銴  鏸
leoi6		類  慮  淚  累  濾  戾  耒  沴  誄  礌  唳  勴  盭  礧  纇  蘱  鑢  禷  捩  酹  檑  悷  纍  瓃  銇
neoi6		女
seoi6		繸  睡  遂  瑞  粹  隧  絮  穗  悴  祟  邃  燧  萃  啐  瘁  淬  繐  誶  焠  睟  槥  蔧  賥  踤  膵  璲  篲  穟  襚  彗  墅  鏏  檖  娷  旞  檅  禭  鐩  鐆  鏸
zeoi6		贅  序  罪  聚  敘  嶼  墜  懟  怚  漵  甀  硾  膇  縋  諈  藇  鱮  綴  沮  芧  蕞  鉏  隊  隧  齟  沀  垿  娷  檌  焣  鑆  袓
deon6		頓  噸  鈍  沌  盹  遁  炖  囤  燉  遯  敦  潡  伅  扥  庉  鶨  扽
jeon6		潤  閏  撋  橍
leon6		論  磷  紊  躪  吝  藺  橉  閵  蹸  膦  遴  惀  轔  溣  僯  亃  陯  甐  碖  焛
seon6		順  殉  徇  侚  迿  揗
zeon6		藎  盡  燼  濜  賮  贐  嬧  璶  煡  濬
leot6		率  律  壘  栗  慄  聿  溧  硉  嵂  搮  葎  瑮  噊  膟  篥  遹  繂  鷅  麜  矞  燏  繘  驈  鱊  鷸  瞲  獝  垏  塛
neot6		吶  訥  肭  鷸  豽  貀
seot6		術  述  秫  朮  沭  鉥  咰  怷  鶐  袕
gep6		夾
deu6		調  掉
ji6		二  義  易  食  施  異  誼  貳  肄  劓  异  佴  刵  咡  羛  勩  廙  潩  樲  儗  毦  珥  衈  貤  枻  伿  髶  殔
si6		謚  是  事  示  視  士  氏  侍  仕  峙  豉  戺  跱  諟  諡  舐  伺  蒔  忕  沶  崼  徥  忯  惿  褆
zi6		遲  倳  自  字  治  食  寺  飼  稚  伺  嗣  祀  俟  巳  豸  耜  雉  庤  彘  痔  兕  泜  阤  芓  涘  牸  偫  畤  眥  笥  傂  覗  廌  滍  絼  胔  峙  歭  漬  跱  踶  骴  髊  剚  乿  徥  摨  謘  蚔  鶨  鴙
dik6		敵  迪  滌  狄  翟  荻  浟  踧  鍉  覿  鸐  滴  渧  鏑  嘀  逖  儥  魡  籊  嚁  梑  苖  蔋  藡
gik6		極  极
jik6		易  亦  液  射  役  譯  翼  逆  疫  奕  翌  繹  驛  蜴  睪  掖  腋  埸  弋  帟  弈  杙  芅  垼  翊  黓  圛  嶧  懌  燚  艗  嶷  斁  燡  鶂  瀷  醳  譺  鷁  鷊  廙  薿  馹  墿  隿  焲  熤  熼  晹  縌  釴  霬
lik6		力  歷  曆  瀝  靂  鬲  酈  屴  朸  秝  厤  磿  嚦  皪  藶  轣  躒  壢  櫟  瓅  礫  鎘  櫪  轢  仂  儮  鱳  扚  蒚  赲  讈  靋  蝷
mik6		幦  冪  覓  汨  糸  塓  幎  覛  鼏  羃  蓂  日  漞  熐  覭
nik6		溺  惄  眲  匿  昵  暱  衵  糑
sik6		崱  食  蝕  射  捑
wik6		域  蜮  淢  棫  窢  罭  緎  閾  魊  戫
zik6		直  值  席  植  殖  藉  寂  籍  夕  蓆  汐  矽  穸  埴  湜  犆  稙  漃  耤  褯  躤  蟄  堲  寔  瘠  膌  蹢  躑  釸  潪  塉  庴  葃
dim6		掂  敁  扂
gim6		儉  鐱
jim6		驗  焰  艷  豔  燄  釅  焱  爓  灩  髯  敥
lim6		歛  斂  殮  瀲  澰  薟  襝  蘞
nim6		念  廿  唸  棯
sim6		贍  剡
zim6		漸  螹  魙
bin6		便  辯  辨  釆  汴  卞  弁  忭  抃  汳  艑  笲  閞  鴘
din6		電  澱  殿  墊  甸  奠  淀  佃  靛  鈿  癜  唸  壂  婝
gin6		件  健  鍵  楗  腱  揵  寋  鑳
jin6		現  見  研  硯  諺  唁  彥  峴  莧  喭  鋧  齞  齴  讞  睍  俔  涀  牪  嵃  娊  粯
lin6		練  煉  鍊  楝  浰  湅  鏈  堜  萰
min6		偭  眄  面  麵  瞑
nin6		輾  晛  碾  姩  榐
sin6		單  善  禪  擅  羡  膳  羨  撣  繕  嬗  綪  墠  墡  鄯  樿  蟺  倩  贍  茜  蒨  闡  亶  抎
zin6		踐  纏  賤  洊  荐  諓  餞  繵  瀳  珔  袸
bing6		並  病  并  併
ding6		定  啶  錠  萣
ging6		勁  競  痙  倞  殑  矜
jing6		認  迎  媵
ling6		另  令  愣  睖  擰  楞  稜  堎  倰  炩  踜
ming6		命  暝  詺
ning6		擰  濘  佞  泞  甯  寧  寍
sing6		乘  盛  剩  賸  嵊  晟  鱦
wing6		泳  穎  詠  潁  禜  醟  蒏
zing6		靜  淨  凈  阱  靖  靚  凊  婧  竫  剩  請
dip6		疊  碟  蝶  諜  褶  喋  牒  啑  堞  惵  揲  跕  楪  蜨  艓  褋  蹀  鰈  墊  挕
gip6		狹  夾  陜
hip6		協  挾  愜  勰  劦  拹  嗋  脅  搚
jip6		業  葉  頁  嘩  曄  鄴  偞  楪  嶪  燁  鍱  蠥  孽  囁  擖  讘  顳  饁  嶭  櫱  澲  擛  瞱  鐷  鎑  喦  糱
lip6		獵  鬣  躐  儠  擸  犣  臘  邋  獦
nip6		喦  捏  捻  鎳  鑷  聶  涅  躡  苶  掜  敜  隉  顳  臬  攝  踂  踙  踗  鑈  篞
bit6		別  癟  蹩  馝  襒  飶  苾  蛂  蟞
dit6		秩  迭  軼  帙  絰  耋  咥  垤  昳  柣  苵  瓞  眣  紩  翐  袟  臷  詄  墆  螲  嵽  佚  洷  峌  胅  镻
git6		鮚  傑  桀  杰  偈  榤  佶  姞  滐  嵥  狤
jit6		讞  熱  孽  櫱  臬  齧  嵲  摰  槷  臲  闑  糱  蠥  蠮  嚙  嶭  隉  囓  钀  蛪  巕
lit6		列  烈  裂  冽  洌  捩  趔  迣  茢  迾  蛚  綟  颲  鮤  鴷  唳  咧  戾  姴  燤  睙
mit6		滅  蔑  篾  幭  蠛  衊  搣  瀎  鱴  懱  薎
ngit6		齧  嚙  囓
sit6		舌  揲  折  蝕
zit6		截  捷  睫  箑  踕  倢  疌  巀  萐  梜  唼  崨  蠽  啑  緁
biu6		票  驃
diu6		調  掉  窕  銚  蓧
giu6		轎  撬  嶠  撟  翹
jiu6		耀  燿  鷂  曜  筄  鷕  澆  鷣  覞
liu6		療  料  燎  廖  尥  撩  釕
miu6		妙  廟  繆  玅  篎
niu6		尿  溺
siu6		紹  召  兆  邵  肇  劭  卲  袑  旐  銚  鮡  筱  晁  潲  垗  狣
ziu6		召  趙  嚼  摷  詔  誚  譙  鮡  皭  垗  狣
m6		呣
ng6		誤  嗯  悟  晤  寤  迕  俉  焐  痦  遻  蘁  摀  牾  忤  啎  梧  捂  逜
hng6		哼
do6		惰  墮  陏  陊  墯  嶞  鬌  垛  隋  馱
fo6		貨
ho6		何  荷  賀
lo6		邏  纙
mo6		藦  磨  塺
no6		那  懦  糯  懧
ngo6		餓  臥  硪
to6		馱
wo6		和  禍
zo6		坐  助  座  侳  唑  莇
joek6		若  藥  弱  躍  籲  虐  鑰  瘧  葯  籥  謔  箬  篛  汋  礿  渃  鄀  鈅  楉  蒻  龠  瀹  爚  蘥  禴  曰  婼  爇  鸙  扚  鶸  婩
koek6		噱  臄  醵  蹻
loek6		略  掠  撂
zoek6		著  嚼  爝  皭
goeng6		強  糨  彊  唴  弶
joeng6		壤  樣  讓  養  釀  漾  恙  羕  瀁  蠰  嚷  攘  瀼  煬  穰  烊  懹
loeng6		涼  緉  量  亮  輛  諒  倞  悢  喨  踉  兩  惊  湸
soeng6		上  尚
zoeng6		像  象  丈  仗  橡  匠  杖  蟓  襐  長  扙  鐌  鱌
doi6		代  待  袋  玳  逮  怠  殆  黛  迨  岱  祋  埭  紿  酨  蝳  靆  駘  柋  詒  隸
hoi6		害  亥  氦  嗐
loi6		來  耒  睞  誄  賚  酹  徠  唻  誺
noi6		褦  內  耐  奈  氝  柰  倷  佴  耏  能  鼐  渿  螚  錼
ngoi6		磑  聵  外  礙  閡
zoi6		在  酨
bok6		薄  泊  箔  舶  雹  鉑  瓝  瓟  謈  犦  礡  縛  蒲  亳  魄  濼  踄  窇  欂  鑮
dok6		度  踱  鐸  剫  襗  喥
hok6		學  鶴  貉  嶨  翯  澩  謞  觷  矐  鷽  涸  熇  嗃  佫  燢
lok6		樂  落  硌  濼  洛  絡  駱  珞  咯  躒  烙  犖  酪  雒  馲  爍  鉻  鱳  鮥  峈  鵅
mok6		莫  幕  漠  膜  寞  邈  幙  鄚  瘼  貘  鏌  摸  藐  塻  嗼  暯  縸  瞙
nok6		諾  鐸  喏  搦  糑  逽
ngok6		樂  愕  岳  鱷  顎  嶽  噩  萼  鄂  咢  鶚  鍔  堮  崿  諤  櫮  蘁  齶  鸑  櫟  藥  遻  鑩
wok6		獲  穫  鑊  嚄  瓠  擭  濩  檴  瓁  蠖  繣  攉  篧
zok6		昨  鑿  浞  柞  擢  濯  怍  砟  莋  酢  筰  灂  鷟  笮  醋  葃  稓  篧  蠗  籗
hon6		鶾  汗  焊  翰  瀚  悍  捍  銲  駻  扞  犴  旰  涆  豻  釬  閈  睅  馯  鳱  撖  蔊  螒  矸  雗
ngon6		岸  犴  豻  厂  喭  婩  錌
bong6		傍  磅  鎊  埲  旁  徬  蒡  艕  塝
dong6		蕩  盪  踼  宕  婸  愓  菪  瑒  瓽  逿  碭  潒  璗  簜  戙  崵  嵣
gong6		螯
gwong6		誆
hong6		銗  沆  項  巷  衖  缿  桁  行  鬨
long6		浪  晾  埌  蒗  崀  閬  莨  誏
mong6		望  盳  朢  妄  忘  莽
nong6		齉
ngong6		戇
wong6		王  旺  迋  暀
zong6		狀  藏  臟  撞  幢  奘  獞  壯  僮  臧
hot6		鞨  蝎  害  鶡  褐  毼  曷  螛
bou6		部  步  暴  捕  簿  埠  哺  菢  蔀  虣  篰  瀑  鵏  瓿  曝  抱  鸔  捗  踄
dou6		道  度  導  渡  稻  盜  蹈  杜  悼  鍍  燾  芏  秺  幬  翿  纛  稌  瓙  檤  翢
hou6		號  浩  皓  鎬  皜  昊  鄗  顥  昦  淏  滈  澔  皞  薃  鰝  灝  暠  哠  悎
lou6		路  勞  露  酪  賂  澇  璐  鷺  輅  嫪  潞  蕗  簬  潦  簩  嘮  橯  軂
mou6		務  莫  冒  帽  霧  瑁  募  慕  墓  暮  戊  鶩  耄  騖  芼  眊  旄  婺  媢  楘  毷  蝐  鞪  慔  萺  蓩  縸
nou6		怒  臑
ngou6		傲  敖  奡  鏊  遨  澆  謷  驁  翱
zou6		做  造  皂  祚  皁  阼  胙  葄  慥  簉
fu6		父  負  付  附  腐  傅  輔  咐  赴  仆  訃  駙  賻  祔  偩  蚹  蝜  鮒  嬔  紨  蚥
wu6		酤  祜  護  互  戶  穫  扈  芋  滬  沍  瓠  楛  冱  芐  岵  怙  枑  嫮  嫭  鄠  臒  韄  頀  濩  婟  槴  雽  熩  昈  蔰  綔
bui6		棓  悖  焙  孛  誖  背  茷  邶  怫  偝  唄  僻  姵  鄁
gui6		癐
mui6		妹  瑁  昧  沬  眛  痗  韎  蝐  魅  脢
wui6		會  匯  彙  燴  禬  薈  闠  聵  輠  溾  圚  璯  藱
buk6		暴  樸  曝  僕  瀑  濮  蹼  襆  轐  醭  纀  鏷  襮  伏  仆  墣
duk6		讀  獨  毒  頓  牘  犢  碡  瀆  櫝  髑  黷  殰  皾  贕  韣  韇  纛  讟  儥  韥
fuk6		服  復  伏  袱  茯  菔  宓  复  洑  虙  箙  蕧  鴔  鵩  纀  匐  襆  輹  馥  鰒  斛  澓  垘  棴
guk6		局  侷  跼  挶  梮  焗  輂  鋦
huk6		酷  鵠  斛  觳  嘝  熇  槲  縠  瀫  穀  焀  螜
juk6		育  肉  欲  玉  谷  獄  浴  辱  慾  褥  峪  蓐  溽  縟  堉  淯  鄏  鈺  鳿  鵒  鬻  錥  鋊  粥  毓  嗕  賣  拗  儥  媷  蒮  蘛  輍  袬  砡
luk6		角  六  陸  綠  錄  氯  鹿  祿  戮  漉  淥  蓼  僇  穋  甪  坴  彔  琭  菉  逯  盝  稑  摝  踛  醁  磟  騄  鯥  籙  觻  麓  轆  簏  睩  碌  翏  飂  慮  谷  淕  鱳  塶  廘  熝  蔍  蹗  鏕  鵱  螰  錴
muk6		目  木  牧  穆  沐  睦  繆  鉬  苜  坶  毣  霂  楘  牟  炑  莯  萺  蓩  蚞  艒
nuk6		忸  恧  朒  衄
suk6		屬  熟  淑  蜀  贖  塾  孰  妯  菽  襡  鸀  钃  蠋  婌  孎  蠾
zuk6		族  續  逐  軸  俗  濁  鐲  躅  柚  妯  嗾  鏃  舳  瘃  蓫  藚  鱁  碡  賡  禚  蔟  簇  瘯  屬
bun6		伴  叛  畔  絆  柈  胖  拌  靽  坢  怑  鉡
mun6		悶  懣  燜  鞔  滿
pun6		葐  湓
wun6		換  玩  緩  喚  煥  瘓  奐  渙  忨  抏  逭  輐  翫  杬  漶  妧  瑍  肒
bung6		埲
cung6		淙  悰  琮  昮
dung6		動  洞  峒  慟  恫  胴  湩  垌  挏  戙  硐  衕  棟  迵  侗  狪  姛  騆  駧  絧  詷  霘
fung6		縫  奉  鳳  甮  唪  俸  捀
gung6		共
hung6		哄  汞  鬨  澒  蕻  訌  闀
jung6		用  佣  傛
lung6		弄  衖  哢  梇  豅
mung6		夢  霿  瞢  鄸  霥
nung6		弄
zung6		從  重  誦  頌  訟  仲  尰  狆  祌  緟  衶
but6		撥  勃  脖  跋  渤  荸  餑  葧  鵓  孛  鈸  哱  浡  桲  鋍  馞  襏  蹳  鱍  艴  悖  茀  挬  柭  郣  發
mut6		沒  末  茉  妺  歿  歾  靺  韎  沫  抹  秣  瀎  枺  粖  莈
wut6		泧  活  佸  姡  萿  趏  秮
jyu6		與  語  雨  預  遇  愈  譽  茹  御  寓  裕  喻  籲  豫  禦  癒  諭  馭  孺  瘉  澦  洳  銣  蕷  藇  愉  隅  覦  禺  逾  窬  踰  与  吁  峪  悆  蓹  翑  礜  俞
syu6		樹  豎  尌  腧  裋  澍  薯  曙  署
zyu6		住  箸  櫡  除
dyun6		段  斷  緞  椴  毈  籪  葮  躖
gyun6		錈  圈  倦  埢  萒  蔨
jyun6		遠  院  願  縣  援  炫  眩  愿  垸  瑗  媛  衒  昡  琄  眴  掾  繯  緣  袨  玹  禐  贙  褑
lyun6		亂
nyun6		嫩  渜  燸
syun6		篆  鐫  瑑  腞  鏇  縼
zyun6		傳  攢  鱒  汌  銌  袸
dyut6		奪  敓  鮵
gyut6		橛  趉
jyut6		爇  燏  乙  說  月  越  閱  悅  曰  穴  粵  刖  玥  軏  戉  抈  泧  鳦  鉞  噦  樾  聿  鷸  遹  潏  鴥  驈  矞  踅  瞲  釔  泬  狘  仴  僪  欥  芛  蚎  袕
lyut6		捋  劣  脟  鋝  埒  蛶
zyut6		崒  絕  綴  拙  輟  絀  黜  捽  踅