aa1	啊	吖	孲	杈
aa2	嗄	阿	啊
aa3	呀	錒	稏	谺	埡	欬	吖	呵	啊
aa6	呀	啊
aai1	埃	哎	噯	娭	鑀
aai2	矮
aai3	呃	噫	殪	翳
aai6	唉
aau1	凹	鏖	𢲷
aau2	㘭
aau3	坳	㘭	垇	詏	㕭	岙	𠱃	𢲷
aam1	啱	恰
aam2	菡
aan1	殷	唵
aan2	俺
aan3	鴳
aang1	罌	甖	䓨	嚶	鶯
aap3	浥	狎	魻
aat3	歺	嘎	嚈	歹	秸	稭	軋	頡	嘠	堨	拮	胺	齃	䕸	䰲	曷	札	猒	猰	鞂	魘	鴶
aak1	厄	軛	幄	戹	扼	握	渥	阨	偓	呃	喔	齷	搤	啞	餩	腛	軶	鷽
aak2	軛	鈪
aak3	鈪	阿	啞	軛	鐲	阨
aai1	埃	哎	噯	娭	鑀
aai2	矮
aai3	呃	噫	殪	翳
aai6	唉
ai1	唉	誽	哎
ai2	倭	欸	躷
ai3	屭	隘	瘞	繄	蘙	𦠉	㜇	㞒	医	嫕	屓	撎	殪	醷	饐	鷖	𣘦
au1	慪	摳	熰	䙔	凹	敺	櫙	瞘	緱	坳	彄	鏂
au2	毆	歐	敺
au3	慪	熰	嘔
am1	龕	闇	陰	厂	广	俺	腤	阴	隂	馣
am2	闇	揞	諳	欿	匼	啗	垵	媕	罨	俺	凵	啽	埯	愔	韽	黬	黭
am3	晻	䬓	罨	腤	黬	黯
an1	奀
an3	䟴
ang1	鞥	罃	嚶	甇	癭	鷪
ang2	哽
ap1	洽	鞥	罨	邑	醃
at1	啞
ak1	呃	餩	軛	呝	噫	搹	腛	苊	軶	鬲
e1	𫫃
e4	𡃀	𧧏
e6	誒
ei3	欸
ei6	欸
it3	謁
ik1	餩
o1	屙	娿	喔	牁	哿	妸	啊	噢	舸	呵	猗	砢	鈳	㺢	匼	坷	婐	錒
o2	婀	哦	娿	哿	喔	坷
o4	哦
o5	哦
o6	哦
oi1	唉	涘	鎄	噯
oi2	壒	毐	欸	僾	煦	䔇	凱	堨	塏	嬡	愷	敱	皚	瞹	磑	鎧	鑀	闓	顗	馤
oi3	曖	鑀	璦	㤅	瞹	靄
ou1	鏖	䥝	噢	擙	熬	𤏶
ou2	懊	燠	䴠	夭	奧	镺
ou3	塢	襖	鐭	墺	媪	岙	䴈	噢	媼	嶴	芺	袄	镺
on1	鞌	桉	氨	銨	鮟	盎	胺	𠕷
on2	銨
on3	摁	桉	胺
ong2	泱	盎
ong3	戇	軮	骯
ok1	喔
ok3	噁	肟
ung1	壅
ung2	擁	㧬	𢫨
ung3	齆	䐥	瓫	𨞑
uk1	剭	齷	喔
m2	呣
m4	㕶
m6	呣
ng2	嗯	唔
ng4	浯	峿	郚	啎	吴	鋘	鋙	𠮾	㕶	牾	珸	𨖍
ng5	迕	牾	啎	嗯	旿	遌	遻	𠵦
ng6	焐	遻	嗯	痦	𤵐	俉	忤	愕
maa1	媽	嗎	孖	嬤	螞	麼	嚜	麽	么	嘛	摩	蟆
maa2	媽	螞
maa3	嗎	嘛	禡	麼	麽
maa4	麻	蟆	蔴	嘛	痲	痳	媽	嫲	蟇	嚜
maa5	瑪	碼	馬	螞	鎷	嗎	媽	嘛	榪	獁
maa6	罵	禡	螞	駡	嗎	榪	傌	獁
ngaa1	丫	鴉	枒	椏	鵶
ngaa2	啞	瘂
ngaa3	亞	婭	埡	掗	氬	稏	襾	齾
ngaa4	牙	芽	衙	蚜	枒	禡	岈	伢	玡	琊	疨	谺	釾	齖
ngaa5	瓦	雅	疋	佤	厊	庌
ngaa6	訝	迓	御	砑	𦜖	犽	呀	掗	椏	玡	閕
ngaai1	埃	挨	娭
ngaai3	隘	嗌	阨
ngaai4	崖	捱	涯	睚	厓	挨	啀	嘊	崕
ngaai5	騃
ngaai6	艾	刈	乂	㣻	捱	砹	苅
maai4	埋	霾	薶
maai5	買	蕒
maai6	賣	邁	勱	佅
maau1	貓	猫
maau4	矛	茅	蟊	蝥	錨	茆	媌	鍪	髳	敄	牟	犛	猫	眸	罞	謀	貓	雺	麰
maau5	卯	牡	昴	泖	茆	鉚	夘	峁	戼	某	栂	槑
maau6	貌	皃	䫉	愗	瞀	貎	貓	𨘷
ngaau1	凹	鏖	𢯎
ngaau2	抝	拗
ngaau3	拗	抝	㘭	坳	垇	詏	靿
ngaau4	殽	肴	淆	爻	餚	崤	洨	熬	爊	筊	絞	烄	𤏶	𥁒
ngaau5	咬	齩	嚙	䶧
ngaau6	樂	乐
ngaam1	啱
ngaam4	巖	岩	癌	嵒	碞	嵓	喦	巗	麙	黬
ngaam5	頷	顄
maan1	𢺳	扳
maan4	蠻	鰻	饅	謾	鬘	蔓	姏	漫	蛮	鏝	墁	曼
maan5	晚	娩	矕	脕
maan6	曼	慢	漫	萬	蔓	万	幔	謾	墁	縵	嫚	饅	鰻	僈	卍	鏝	㬅	熳	鄤	槾	澫	獌	脕
ngaan1	唵
ngaan3	晏	鷃	鴳
ngaan4	顏	研	碾	虤
ngaan5	眼	齴
ngaan6	雁	贋	鴈	贗
ngaang1	甖	罌	罃
ngaang6	硬
maang1	綳	繃	錳
maang2	蜢
maang4	盲	氓	甿	蝱	鄳	盳	瞢	虻	𦯶
maang5	猛	艋	蜢	錳	黽	勐	黾
maang6	孟
ngaap3	鴨	押	哈	擪
ngaat3	壓	恝	戛	押	胺	遏	䰲	嚈	堨	戞	揠	歺	猒	猰	閼	頞	餲	齃
ngaat6	齧	囓	齕	嚙	䦪	兀	屼	扤	杌
maat3	抹	㩢	鞨
maat6	襪	韈	韤	袜	䍪	𥿉
maak1	嚜	嘜
maak3	擘	副	㓦	陌	驀	劈
maak6	陌	麥	貊	嘿	墨	脈	袹	驀	默
ngaak1	呃	軛	𧦠	厄	幄	扼	握	渥	軶	阨
ngaak3	鈪
ngaak6	額	逆	頟	詻	屰	峉
ngai1	哀	𠱓	𠼮
ngai2	矮	躷
ngai3	翳	隘	㞒	屓	屭	曀	盻	睨	瞖	縊	蠮	豷
ngai4	嵬	危	霓	倪	巍	輗	猊	麑	蜺	鯢	齯	兒	郳	隗	頠	㕒	䘽	婗	貎	鮠	鮰	㟴	洈	犩	麛
ngai5	蟻	艤	螘	檥	蛾	隗	顗	頠	詣	睨	轙	倪	堄	掜	礒	𨏢
ngai6	毅	藝	魏	羿	詣	偽	囈	睨	蓺	襼	埶	堄	僞	寱	藙	讆	讛	鮨	乂	伪	刈	蓻	褹	譌	豙	贋	𠨜
mai1	咪	米
mai2	謎
mai3	謎
mai4	謎	迷	霾	瞇	眯	醚	埋	麛	蒾	薶
mai5	米	弭	敉	眯	咪	瞇	侎	洣	脒	銤	䖹	渳	蛘	𦍋
mai6	袂	謎	佅	眯	韎
mau1	痞	踎	蹘	缹
mau4	繆	謀	牟	眸	侔	鍪	蛑	麰	蝥	哞	毋	毪	鞪	恈	瞀	髳	鴾
mau5	某	畝	畮	牡	厶	昴	畆	拇	丘	亩	卯	畂	畞	𠺖	𣢿	𤰘	𤰜	𤱈	𤱔
mau6	繆	茂	謬	貿	懋	瞀	袤	楙	愗	鄮	姆	雺
ngau1	勾	鈎	鉤	句	區	歐	甌	䙔	謳	鷗	𠛎	嘔	慪	拘	摳	漚	熰	袧	軥	鏂
ngau2	嘔	毆	歐
ngau3	漚
ngau4	牛	吽	腢
ngau5	偶	藕	耦	蕅	腢
ngau6	吽	𤷤
ngam1	媕	庵	菴	鵪	𩜠	䳺	厂	奄	广	盦	葊	諳	韽
ngam2	闇	黯	揞	欿	諳
ngam3	暗	闇	䬓	晻	腤	諳	黬
ngam4	啽	扲	撢	唅
ngam6	喑
mam1	𩜠
man1	蚊	炆	蟁	文	螡	伩	燜
man2	抆	炆	燜
man3	𠍁	𠽊
man4	閩	文	紋	民	聞	岷	珉	雯	旻	玟	氓	緡	蚊	閿	彣	忞	泯	瑉	闅	汶	螡	蟁	抿	敃	旼	甿	瞞	苠	䃉	冺	攵	笢	緍	罠	芠	閺	饅	鼆	鼤	𤸅	𥹢
man5	閩	刎	吻	憫	敏	黽	愍	泯	閔	抿	澠	鰵	抆	脗	湣	冺	暋	汶	僶	敃	慜	笢	𡧍	㖧	㗃	䐇	䲄	勽	呡	惽	旼	歾	渑	紊	絻	鰶	黾
man6	問	文	聞	紊	汶	璺	絻	免	舋	紋	抆
ngan1	奀	娙
ngan3	䟴
ngan4	銀	垠	嚚	狺	誾	齦	齗	鄞	艮	訢	仁	圁	圻	泿	狋	狠	𣏴	㙬	㹜	䦖	垽	硍	訔
ngan6	韌	垽	靭	靱
ngang1	鶯	嚚	誾	嚶	鞥	鸎
ngang2	哽
mang1	擝	掹	𠵼	眳	繃
mang2	繃	𤷪	䁅	綳
mang3	掹
mang4	盟	萌	甍	氓	甿	㒼	蝱	𦯶
ngap1	噏	吸	罨	𡀾
ngap6	哈	岌
ngat1	扤	兀	屹	杌	訖
ngat6	迄	屹	兀	訖	杌	仡	卼	汔	矻	屼	疙	扤	愾	扢	阢	䦧	吃	圪	忔	犵	疑	矹	紇	肐	鬩	鼿	齕	齧
mat1	乜
mat3	䬴	抹	秣	靺
mat6	勿	密	物	蜜	襪	謐	宓	袜	沕	芴	韤	嘧	覓	韈	宻	帓	末	汨	沫	滵	眜	茉	蔑	蔤	虙	蟔	鴓	𥿉	𧙕
mak1	嚜	嘜	陌	百	驀
mak3	脈	脉	衇	霡	眽	覛	貊	貘	霢
mak6	墨	麥	默	脈	万	貉	冒	嘿	貊	陌	驀	纆	脉	嚜	衇	眽	霡	癦	覛	貘	霢	䘑	帕	百	麦	伯	佰	冐	帞	獏	袹	貈	𦄿	𦢓
ngak1	厄	阸	㧖	偓	呃	呝	啞	幄	戹	扼	握	搤	搹	渥	眲	腛	軛	阨	隘	餩	齷
me1	咩	乜	哶	羋	孭	𧴯	咪	芈	𠴟	偝	𡥼	𦍋
me2	歪
me4	哶
me5	乜	羋	芈	𦍋
me6	乜
mei1	瞇	眯	咪	屘	𧋦	䤍	渳	溦	蝞
mei4	彌	微	楣	眉	嵋	薇	糜	麋	湄	獼	縻	蘼	靡	黴	瀰	釄	郿	醾	溦	劘	媺	冞	弥	攠	濔	猸	醿	鎇	鶥	麑	麛	䕷	堳	攗	爢	猊	睂	𣁋	𪎭
mei5	尾	美	靡	娓	亹	鎂	弭	渼	媺	敉	濔	艉	㠧	劘	彌	芈	葞
mei6	味	媚	寐	未	魅	汆	鮇	殳	煝	菋	𩓔
meng2	名
meng4	名
meng6	命
mi1	咪
min2	靦	偭	沔	緬
min4	眠	棉	綿	緜	宀	緡	瞑	臱	䃇	䡻	媔	檰	櫋	矊	緍	縣	𥌣
min5	免	冕	勉	娩	湎	緬	丏	眄	勔	沔	腼	愐	靦	㝃	俛	偭	黽	浼	絻	鮸	黾
min6	面	麵	麪	瞑	泯	麫	偭	暝	眄	緬
ming2	瞑
ming4	冥	瞑	銘	名	明	鳴	螟	暝	溟	蓂	洺	朙	酩	茗	嫇	榠	鄍	㝠	眳	𠖇
ming5	銘	瞑	皿	茗	酩	冥	嫇	溟	暝
ming6	命	暝	詺	名	瞑	𠇮
mit1	搣
mit6	滅	篾	蔑	衊	蠛	烕	𥄕	䁾	幭	眜	笏	鱴
ngit3	齧	嚙	囓	絜
ngit6	齧	嚙	囓
ngik1	鶃
mik6	覓	冪	汨	覔	幎	糸	冖	鼏	幂	羃	塓	幦	日	簚	覛	乜	幭	𧜀
mo1	麼	摩	魔	麽	嬤	庅	么	嗎	嚤	末	𥂓	䯢	仫	饝
mo2	摸
mo4	磨	蘑	劘	饃	饝	無	摩	礳	䃺	氂	𣟖	巫	藦	𩞁	𩟠
mo6	磨	䃺	耱	藦	塺	礳	𣟖
ngo1	疴	屙	坷	娿	柯	珂	痾	舸	軻	阿
ngo4	蛾	俄	娥	訛	鵝	哦	峨	莪	囮	吪	峩	譌	鵞	鋨	䳘	涐	睋	硪	㘥
ngo5	我	厄	騀
ngo6	餓	臥	卧
ngoi1	哀	埃	欸	涘
ngoi2	靄	藹	靉	僾	噯	堨	皚
ngoi3	愛	僾	嬡	曖	璦
ngoi4	呆	獃	騃	皚	磑
ngoi6	外	礙	碍	閡	磑	硋	㝵	皚
mou1	髦	蟆
mou2	帽	模
mou4	巫	摹	模	毛	無	蕪	誣	髦	毋	謨	摸	旄	膜	亡	嫫	廡	无	橅	糢	牦	芼	撫	氂	犛	耗	謩	旡	獏	酕	鵐	䉑	亾	嫵	母	芜	𡠜
mou5	侮	姆	武	母	舞	鵡	冇	拇	嫵	憮	姥	廡	碔	珷	膴	儛	娬	甒	鉧	潕	㵲	䥈	嘸	娒	斌	無	㟂	砪
mou6	務	募	墓	帽	慕	戊	暮	霧	冒	耄	瑁	眊	騖	鶩	媢	婺	芼	莫	旄	毷	楘	冐	瞀	耗	艒	雺	㡌	冃	敄	牦	蝐	鞪	髦	𦒷
ngou1	擙
ngou3	奧	澳	䴈	墺	岙	嶴	懊	芺	襖	鐭	隩
ngou4	敖	遨	嗷	熬	獒	鰲	聱	璈	驁	鼇	廒	翱	翺	謷	鏖	嗸	鏊	厫	爊	螯	滶	螫	𢳆	䥝	囂	嶅	摮	隞	𤏶	𦪈	磝	𧑃
ngou6	傲	奡	敖	鏊	謷	驁	慠	遨	澆	㟼	樂	謸
ngon1	安	鞍	桉	氨	胺	銨	鞌	鮟	𠕷
ngon2	按	案
ngon3	按	案	桉	摁	犴	豻
ngon6	岸	犴	豻	喭	諺	㟁	厂
mong1	杧	芒	牤	𤛘
mong4	亡	忘	忙	芒	茫	氓	鋩	虻	蝱	硭	邙	甿	亾	厖	恾	杗	兦	尨	望	牻	蘉	𥐞	㡛	哤	庬	杧	汒	牤	釯	駹
mong5	網	莽	惘	罔	蟒	妄	魍	輞	漭	网	蝄	孟	誷	㒺	䒽	䥈	氓	罒	菵	蛧	𦉰	𦉾	𦬇	𦬣
mong6	望	妄	朢	孟	忘	盳
ngong1	骯
ngong3	㼜	盎
ngong4	昂	卬	昻	邛
ngong6	戇	枊	盎
mok1	剝	趵	摸
mok2	膜
mok3	剝	摸	寞	幕	漠	瘼	幙	膜	模	鏌	𨗿
mok6	莫	膜	寞	幕	漠	瘼	邈	鄚	幙	鏌	藐	蟆	摸	瞙	貘	嗼
ngok3	噩	萼	惡	愕	諤	鄂	鱷	鍔	㕺	噁	堊	蘁	讍	遌	遻	鰐	鸑	㗁	崿	蕚	鶚
ngok6	岳	嶽	樂	顎	愕	腭	鄂	鱷	齶	噩	鶚	萼	諤	鍔	鸑	鰐	㗁	咢	崿	遌	遻	㕺	乐	蘁	𩓥	㦍	䶳	堮	蕚	𥔲
mui1	妹
mui2	妹	燘	瑁	𪃏
mui4	媒	枚	梅	玫	霉	煤	莓	禖	楳	槑	脢	苺	囮	鋂	酶	黴	脄	腜	塺	娒	砇	罧	黣	𡈙
mui5	每	浼	凂	苺	黣	挴
mui6	妹	昧	沬	瑁	痗	眛	韎	魅	每	佅	蝐
mun1	捫	顢
mun4	捫	瞞	門	們	顢	蹣	亹	穈	漫	鞔	墁	樠	璊	謾	鰻	㒼	汶	虋	鍆	饅	悗	鏝	门
mun5	滿	蟎	悗	懣	襔	鏋
mun6	悶	懣	燜	滿	墁	鏝	鞔
ngung1	壅
ngung2	㧬	𢫨
ngung3	甕	蕹	罋	齆
mung1	檬	蠓	懜	懵	瞢
mung2	懵	懜	懞	幪	瞢	蠓
mung4	矇	濛	蒙	朦	幪	曚	艨	瞢	尨	雺	檬	礞	懵	蠓	氋	饛	夢	懞	䑃	獴	髳	鸏	冡	鄸	𢄐
mung5	蠓	懜	懞	懵	䲛	夢	瞢
mung6	夢	梦	㝱	瞢	霿
mut3	抹	秣	沫	䬴
mut6	末	沒	沫	茉	殁	靺	袜	歿	妺	歾	䍪	帓	勿	没	眜	秣	䱅	瀎	𠬛	𥽘
nguk1	屋	剭
muk6	木	沐	牧	目	睦	穆	苜	繆	霂	鉬	鶩	坶	楘	毣	鞪	㣎	仫	婺	艒	鄚	騖
baa1	巴	芭	爸	疤	葩	笆	叭	豝	吧	羓	峇	粑	鈀	䰾	岜	舥	夿	𤜱	𩵒
baa2	把	靶	鈀	㞎	叭	欛	爸	笆
baa3	霸	壩	灞	伯	覇	垻	弝	䆉	欛	靶	埧	把	耙
baa4	吧	爸	罷
baa6	罷	吧	䶕	䆉	唄	罢	𥝧
baai1	掰	擘
baai2	擺	捭	襬	摆	跛
baai3	拜	湃	㗑	𢷎	稗	𢳎
baai6	憊	敗	唄	稗	粺
baak1	迫	廹
baak3	伯	百	佰	柏	舶	栢	檗	蘖	蘗	僰	匐	廹	泊	蔔	迫	陌
baak6	帛	白	蔔	匐	踣	菔	僰	鮊	擲	𤏡
baan1	斑	班	瘢	頒	癍	斒	般	攽	扳	㿀	䰉	朌	肦	螌
baan2	板	版	阪	坂	舨	扳	闆	昄	蝂	鈑	魬	䬳
baan3	扮
baan6	辦	扮	瓣	爿	湴	办	拌	𢲔	𡌶
baang1	漰
baang2	蹦
baang3	綳	繃
baang4	凭	𠾴
baang5	棒
baang6	蹦	凭	綳	𠾴	唪	繃
baat3	八	捌	朳
baat6	茇	魃	犮	坺	墢	拔	跋
baau1	包	胞	苞	鮑	勹	枹	飽	炮	孢	裒	鞄
baau2	飽
baau3	爆	鮑	儤	炮	豹	靤
baau6	鮑	齙	骲
bai1	跛	鎞	㝿
bai3	蔽	閉	憊	贔	鄨	埤	彆	粺	鐾	鞴	韛
bai6	幣	弊	敝	斃	陛	狴	稗	梐	獘	粺	薜	𡚁	彆	薛	韛	㡀	坒	憊	蜌	𡃇
bak1	北
bak3	蘗
bam1	乓	泵
ban1	奔	彬	濱	賓	檳	斌	豳	賁	邠	繽	犇	瀕	份	鑌	梹	臏	蠙	浜	賔	嬪	宾	錛	髕	獱	玢	贇	逩	㻞	儐	攽	栟	汃	璸	豩	餴	饙	𦆯	𧶚
ban2	品	稟	禀	榀	扳	笨
ban3	嬪	鬢	殯	儐	擯	髕	臏	髩	逩	鬂	坌	賓
ban4	嬪
ban6	笨	体	坌	倴	夯	逩	䂫	坋	墳
bang1	崩	繃	祊	綳	嗙	絣	蹦	嘣	鏰	𠜳	𥛱	堋	塴	漰
bang6	凭	傍	凴	𩸀
bat1	不	畢	筆	蓽	蹕	嗶	篳	韠	笔	𢳂	癟	饆	䟆	吥	彃	縪	茟	鈈	㻫	滭	珌	甭	鞸	𥷑
bat6	弼	拔	跋	鈸	拂	苾	邲	魃	佛	泌	茇	鼥	怭	弻	肸	胈	駜	坺	菝	軷	鮁	䮂	䰾	佖	僰	犮	祓	紱	艴	茀	飶	黻
bau6	吥
be1	啤
be6	唄	疲
bei1	卑	碑	悲	羆	裨	陂	萆	屄	詖	庳	椑	痺	蓖	啤	埤	鵯	仳	犤	篦	罷	藣	襬	陴	鼙	𤰞	𫵘
bei2	比	俾	妣	彼	畀	髀	匕	秕	粃	毗	鞞	仳	沘	吡	毘	疕	舭	髲	佊	媲	庳	朼	柀	篦	脾	裨	鞸	𥚈
bei3	庇	臂	泌	秘	賁	轡	毖	費	痹	祕	閟	痺	邲	鉍	苾	詖	跛	畀	芘	庳	比	駜	䪐	匕	披	庀	柲	潷	箅	陂	埤	稗	肹	鄪	𧶚
bei6	憊	備	篦	被	避	鼻	比	糒	贔	辟	鞴	髲	奰	骳	偹	匕	鎞	蓖	鞁	僃	劓	坒	濞	薜	庀	睥	笓	薛	鈹	韛	俻	疕	箄	簰	粺	絥	萆	襣	闢	𤰇	𤰈	𥱼	𥼓
bek3	壁	辟	𥴬
beng2	餅	鉼	餠	𪘀
beng3	柄	棅
beng6	病
bi1	屄	啤
bik1	愎	壁	逼	碧	璧	湢	偪	愊	皕	辟	煏	襞	躄	迫	腷	躃	楅	廹	甓	疈	幅	綼	馥	鰏	𤩹	㨽	揊	皀	福
bik3	壁	甓	𤩹
bin1	蝙	邊	鞭	籩	砭	辮	鯿	緶	箯	編	萹	鯾	𩽲	猵	艑	边	獱	甂	稨	褊	辨
bin2	蝙	扁	貶	匾	褊	窆	藊	惼	砭	碥	鯿	諞	眨	稨	艑	萹
bin3	變	遍	徧	变	変	砭	弁
bin6	便	辨	辯	卞	弁	忭	汴	抃	昪	釆	拚	艑	苄	閞	楩	汳	緶	辡	邲
bing1	兵	冰	并	冫	乒	掤	氷	仌	弸	檳	幷	栟	梹	𤝣
bing2	丙	炳	秉	屏	昺	邴	迸	餅	昞	摒	鞞	怲	偋	胼	詗	併	寎	屛	𪘀
bing3	併	柄	并	摒	並	迸	竝	屏	寎	倂	偋	幷	栟	棅	逬
bing6	並	病	併	并	竝	幷	拼
bit1	必	觱	鉍	咇	珌	佖	怭	飶	駜	鮅
bit3	鼈	鱉	彆	憋	鷩	㿜	別	鉍	驁
bit6	別	癟	蹩	㿜	䇷	䠥	彆	莂	襒	馝	鼈
biu1	標	彪	鏢	鑣	票	飆	髟	杓	猋	膘	臕	錶	麃	瀌	飇	飈	驃	儦	滮	瘭	嫖	熛	穮	䁃	摽	縹	藨	表	颮	䅺	僄	幖	癛	皫	蔈	裱	颩	飍	驫	鰾	𦔩
biu2	表	裱	婊	俵	錶	瞟	脿	褾
biu3	剽
biu6	𬧯
bo1	坡	波	玻	菠	般	嶓	陂	啵	皤	碆	頗	磻	跛
bo2	跛	簸	㝿
bo3	播	簸	噃	鄱	啵
bok1	㩧	剝	搏	扑
bok3	博	膊	駁	搏	亳	縛	壆	鎛	駮	襮	餺	愽	簙	趵	髆	䬪	嚗	欂	㙛	僰	剝	嚩	斛	暴	煿	猼	胉	蔛	薄	鑮	魄	𣽡
bok6	泊	薄	礴	舶	雹	箔	鉑	魄	濼	謈	薜	亳	欂	瓝	瓟	簿	粕	䂍	仢	犦	篰	蒲	鑮	骲	𣝍	𤜌	𩍿	𩣡
bon2	嗙
bong1	邦	幫	梆	帮	浜	幇	𨧜	彭	幚	乓	傍	挷	縍
bong2	榜	綁	膀	牓	蒡	髈	搒	氆	㮄	挷	耪
bong3	甏	榜	膀	艕
bong6	傍	磅	鎊	旁	㫄	埲	塝	徬	甏	稖	蒡	髈
bou1	煲	褒	襃	晡	逋	哺	餔	酺	峬	庯	㕊	㷛	痡
bou2	保	堡	補	褓	寶	鴇	葆	圃	緥	宝	寳	駂	𠤏	浦	簿	鵏	𠈃	呆	埗	孬	煲	甫	逋	𣼑
bou3	佈	埔	報	布	怖	餔	酺	报	抪	㘵	𣚇	𥑢	瀑	爆
bou6	捕	暴	步	簿	部	哺	埗	蔀	虣	菢	埠	篰	瀑	餔	孵	犃	瓿	鑤	㬥	㭪	䑰	儤	埔	抱	曝	𩍘
bu2	䲕
bui1	杯	桮	盃	揹
bui3	背	狽	貝	輩	褙	鋇	悖	邶	倍	孛	誖	揹	北	梖	浿	軰	偝	唄	垻
bui6	焙	悖	背	孛	棓	誖	北	㪍	䏁	僻	唄	怫
buk1	卜	襆	卟
buk6	僕	瀑	曝	暴	幞	濮	蹼	襆	襮	樸	鏷	醭	襥	纀	菐	轐	㬥	䪁	爆	雹
bun1	般	搬	瘢
bun2	本	畚	苯	𠫻	夲
bun3	半	絆	靽	䬳	伴	叛	坢	姅	泮	畔
bun6	伴	叛	畔	絆	胖	拌	泮	柈	㚘
bung1	埄
bung2	捧	菶	琫	甭	棒	玤	鞛
bung6	𩗴	䭰	埲	塳
but1	砵	𡀖
but3	鉢	缽	盋	砵	撥	癶	發	般	茇	襏	醱	哱	潑	鮁	鱍
but6	勃	渤	撥	孛	脖	荸	浡	餑	鵓	桲	鈸	悖	襏	跋	癶	綍	誖	茀	哱	拔	茇	蹳	魃	㹀	潑	犮	葧	醱	鋍	馞	鱍	𩓐	𩣡
caa1	叉	差	杈	扠	喳	嗏	岔	槎	汊	艖	蹅	䟕	嵯	䑡	义	垞	揢	楂	碴
caa2	鑔	蚱	鮓
caa3	詫	岔	衩	汊	姹	奼	侘	咤	蜡	杈	槎	吒	瘵	㤞	奓	楂	溠
caa4	查	茶	搽	槎	垞	楂	塗	苴	茬	嵖	瘥	秅	餷	嗏	揸	査	樝	涂	艖	荼	𥻗
caa6	侘	咤	詫
caai1	差	釵	猜	揣	搋	偨	偲	靫
caai2	踹	跴	踩	跐	䦟	撮
caai3	蠆	嘬	瘥	瘵	傺	差	祭	慸	蜡	蔕	啐	囆
caai4	柴	豺	儕	齜	茈	纔	喍	鮆
caai6	躉
caak1	測	惻	吒	咤	冊	策
caak3	柵	拆	策	冊	坼	筴	册	筞	㿭	䂨	䜺	栅	測	圠	矠	箣	簎	茦	賊	𠕋
caak6	賊	鰂	蠈
caam1	參	驂	攙	叅	参	摻	杉	梫	毿	簪	讒	𠫵
caam2	慘	憯	篸	噆	摻	㿊	黲	惨	掺	穇	黪	𥮾
caam3	懺	杉	儳	讖	摻	慘	懴	摲	釤	鑱
caam4	蠶	讒	慚	饞	巉	慙	鑱	毚	劖	蚕	嶄	瀺	攙	儳	欃	磛	嚵	獑
caam5	劖	鏨	㔆	歜	檻
caan1	餐	飡	䱗	湌	飱
caan2	剷	產	鏟	剗	嵼	滻	羼	丳	産	驏
caan3	燦	璨	粲	孱	羼	儳
caan4	殘	戔	𣦼	僝	孱	潺
caan5	檻	䦘
caang1	撑	瞠	鐺	撐	罉	牚	瞪	倀	橕	趟	𣛟	䟫	槍	鎗
caang2	橙
caang3	睜	瞠	𥋇	鋥
caang4	橙	倀	棖	掁	盯	鼚	䟫	撜	朾	瞪	鋹
caap3	插	鍤	臿	扱	歃	揷	啑	牐	萐
caat3	察	擦	獺	刷	剎	礤	詧	嚓	唰	囋	摖	檫	㔍	䃰	䕓	刹	欻	歘	𧦴	𩟔
caau1	抄	鈔	勦	𠞰	剿	䜈	𧣈	劋	啁	嘲	瘳	綽	耖	訬	𤙴
caau2	炒	吵	煼	謅	肏	鐃	㑿	訬
caau3	鈔	耖	凑	肏	輳
caau4	巢	漅	轈	鄛	皺	㑿	勦	樔
caau5	鐃
cai1	妻	棲	淒	悽	萋	栖	凄	郪	恓	緀	沏	屖	𪗋
cai3	切	砌	妻	沏	傺	摖	嘬	瘛	鮆
cai4	齊	蠐	薺	儕	齐	亝	懠	艩	賫	賷	鱭
cai5	薺	鱭	泚	癠	鮆
cai6	嚏
cak1	惻	測	廁	側	畟
cak6	賊
cam1	侵	駸	參	祲	綅	浸	叅	鋟	㑴	㠁	参	嵾	摻	棽	篸	諃	𠬶	𣺎
cam2	寢	磣	硶	踸	鋟	侵	趻	噆	墋	寑
cam3	譖	讖	吢	吣	唚	寖	沁	懺	噆	寢
cam4	尋	沈	沉	潯	鱘	覃	燖	撏	鬵	蕁	鄩	鱏	忱	樳	湛	鐔	霃	灊	爓	噚	燂	蟫	魫	棽	燅	璕	蟳	鴆	𡬶
cam5	蕈
can1	親	瞋	嗔	䐜	捵	櫬
can2	哂	診	疹	畛	矧	縝	軫	疢	鬒	捵	稹	紾	袗	听	殄	黰	吲	抻	朕	眕	嗔	沴	眹	紖	胗	辴	靷
can3	襯	趁	親	櫬	齔	稱	疢	齓	嚫	儭	瀙	趂	偁	爯	疹	秤	称	診	趻
can4	陳	塵	蔯	尘
cang1	噌	㽪	竀
cang3	鋥
cang4	層	曾	嶒	鄫	增
cap1	緝	輯	葺	戢	蕺	楫	濈	揖	檝	咠	緁	趿	靸	𠦫
cat1	七	柒	漆	桼	㯃	䣛	膝	𣾰
cat6	𨳍
cau1	鞦	抽	秋	鰍	瘳	楸	秌	鶖	搊	篘	萩	鰌	湫	紬	𥤚	妯	鞧	愀	揪	緧	偢	啾	蝤	揫	犨	鬏	龝	𨺹	㑳	㥮	䋺	廀	廋	煍	犫	瞅	𥡌	𩏶	𪚰
cau2	丑	醜	瞅	矁	鯫	杻	𥄨	侴	偢	魗
cau3	嗅	臭	湊	輳	溴	糗	腠	齅	凑	簉	揍	簇	殠	畜	瞅	傶	奏	族	楱	蔟
cau4	囚	惆	稠	綢	酬	儔	疇	籌	仇	躊	紬	讎	酧	泅	裯	讐	幬	犨	詶	遒	醻	蝤	犫	酋	鬮	搊	售	懤	䰗	圳	崷	怞	逎	雔	魗	𠷎
ce1	奢	車	硨	尺	蛼	唓	奓	檨	俥	譇	𠾏
ce2	且	扯	撦	哆	尺	抯	灺	炧
ce3	斜	趄
ce4	邪	斜	衺	輋	畬	㙦	伬	琊	鋣
ce6	踥
cei4	䭣
cek3	尺	呎	赤	刺	𨉹	瘌
ceng1	青	清	晴	精	靑
ceng2	請	倩
ceng4	晴
ceoi1	趨	催	吹	崔	摧	炊	衰	璀	縗	榱	蛆	龡	嗺	洒	趋	趍	推	欻	漼	獕	諏	貙	趣	鏙
ceoi2	揣	取	娶	璀	惴	錘	䦟	捶	漼	膪	趡
ceoi3	翠	娶	脆	趣	毳	脃	覷	覰	吹	啐	橇	淬	綷	焠	臎	倅	覻	出	竁	膬	蜡	卒	啜	惴	琗	皠	蕝	龡
ceoi4	徐	除	隋	隨	椎	廚	槌	錘	鎚	捶	搥	滁	蜍	棰	箠	篨	膗	躕	櫥	鉏	屠	橱	躇	厨	幮	漼	菙	蹰	𡃴	𫪳	㕑	䠧	俆	儲	摧	楕	涂	耝	腄	遀	錐	陲	馟	鬌	魋
ceoi5	惴	遄	儲	蜡
ceoi6	錘	且
ceon1	鶉	春	椿	旾	膥	輴	杶	萅	蝽	逡	鰆	卵	堾	橁	櫄	溱	皴	𪂹
ceon2	蠢	惷	踳	𦚧	卵
ceon4	循	旬	秦	巡	螓	馴	廵	紃	揗	徇	嗪	栒	盹	遁	𨪦	峋	楯	溱
ceot1	出	齣	黜	絀	䢺	黢
ci1	雌	差	疵	癡	嗤	媸	痴	笞	蚩	鴟	魑	瓻	眵	螭	黐	摛	絺	郗	訾	彲	褫	髭	眥	眦	胔	胵	恣	玼	离	齝	呞	哧	嘁	眙	骴	髊	䲭	偨	呲	庛	攡	槎	禠	茈	趑	飺	𣣷	𥰭	𪗪	𫖠
ci2	弛	此	矢	侈	始	豕	齒	恥	耻	褫	佌	哆	泚	玼	跐	柿	誃	施	茝	訾	奓	扡	搋	移	訿	姼	彖	恀	扯	歯	眥	胔	胣	謻	豸	阤	陊	鮆	𧰲
ci3	刺	次	賜	幟	熾	翅	啻	廁	恣	佽	厠	朿	儩	眙	翄	饎	懥	糦	骴	栨	疵	胔	胾	始	庛	攰	柴	眥	翨	胵	喜	眦	絘	織	莿	蚝	蛓	褫	跮	踅	遲
ci4	弛	慈	磁	祠	臍	茨	詞	辭	持	池	遲	馳	治	瓷	踟	墀	鷀	篪	餈	匙	坻	竾	茌	辤	甆	糍	茬	茲	薺	蚳	鶿	辞	柿	疵	箎	訑	兹	泜	箈	粢	茈	薋	趍	遅	遟	𩶅	䛐	坁	杝	樨	歭	汦	沶	胝	荎	菭	蚔	訾	貤	𦈱	𪗌
ci5	峙	柿	似	姒	恃	汜	兕	佀	弛	柹	施	歭	㣥	庤	杮	耜	跱
ci6	伺	兕	嚏	牸
cik1	叱	戚	斥	勅	慼	敕	彳	螫	飭	勑	抶	析	赤	鶒	慽	槭	晰	晳	鏚	刺	摵	淅	磩	鷘	鼜	𢽟	㡿	㭊	䗩	䳵	呹	哧	嘁	嘯	墄	尺	飾	𪃠
cik3	赤	刺	尺
cim1	僉	簽	纖	殲	籤	孅	銛	憸	摻	暹	鋟	綅	櫼	瀸	𠠃	攕	薟	錟	韱	㦰	佔	厱	嬐	掺	襜	襳
cim2	諂	讇
cim3	僭	塹	暹	槧	譖	壍	彡	懺	韂	僣	譛	讖
cim4	潛	撏	鬵	灊	熸	撍	燂	䕭	潜	燖	濳	燅	籨
cim5	槧	諂
cin1	千	遷	阡	仟	韆	芊	扦	躚	梴	迁	釺	掮	䀒	䙴	拪	杄	蹮
cin2	淺	嘽	囅	蕆	俴	闡	踐	幝	扦	濺	燀
cin3	倩	濺	茜
cin4	錢	前	纏	廛	躔	瀍	歬	嘽	㕓	刄	㙻	匁	媊	纒	辿	𢌚
cin5	踐	俴
cing1	氰	清	稱	蜻	青	蟶	鯖	偁	圊	檉	赬	菁	䞓	称	秤	腈	頳	爯	竀	酲	靑	鼱
cing2	請	拯	逞	騁	郢	䝼	丞	承	撜	梬
cing3	稱	秤	倩	凊	偁	掅	請	檉	爯	称	靘
cing4	澄	呈	情	懲	晴	程	裎	埕	酲	澂	餳	惩	成	瞪	氰	徵	㽀	䝼	檉	脭
cip3	妾	呫	踥	捷	唼	楫	詀
cit3	切	徹	撤	設	轍	澈	掣	屮	沏	漆	竊	趄	怵	懘	桼	聅	蔎
ciu1	昭	釗	超	鍫	鍬	弨	幧	炤	怊	繰	䵲	佋
ciu2	悄	愀	麨	偢	峭	瞧	𪍑
ciu3	俏	肖	峭	誚	鞘	譙	陗	韒	帩	悄	削
ciu4	憔	朝	樵	潮	晁	瞧	譙	鼂	顦	焦	嶕	幧	礁	劁	嫶	嶣	燋	癄	睄
ciu5	峭	悄	愀	旐	湫	陗
co1	雛	初	磋	芻	蹉	搓	嵯	蒭	瑳	傞	瘥	莏	鹺	醝	搊	艖	鶵	媰	嵳	挫	犓	虘
co2	楚	礎	脞	齼	憷	椘	濋
co3	錯	挫	銼	剉	莝	脞	侳	厝	蓌	剒	坐
co4	雛	鋤	鉏	矬	耡	瘥	鹺	痤	媰	酇	醝	鶵
co5	坐
coek3	鵲	卓	芍	綽	灼	倬	戳	桌	辵	勺	妁	婼	斫	踔	棹	焯	碏	繳	逴	趠	躇	淖	炤	鑠	斮	槕	㚟	㲋	㹱	娖	婥	戮	敫	櫂	爍	皵	蔟	鬻
coeng1	倡	昌	猖	窗	娼	槍	鎗	菖	鏘	閶	牕	蹌	嗆	瑲	窓	鯧	倀	搶	斨	蹡	囱	錩	鼚	囪	將	窻	鶬	䤌	戧	牎	蔣	錆	羥	鋹	闛	𥦗	𨄚
coeng2	搶	愴	磢	鋹
coeng3	倡	悵	唱	暢	鬯	嗆	韔	戧	昶	淌	搶	熗	瑒	帳
coeng4	場	戕	牆	祥	詳	長	庠	檣	翔	腸	薔	嬙	墻	萇	塲	爿	艢	廧	瘍	倀	斨	羊	膓	鼚	㘯	償	徉	蘠	镸
coi1	啋	啐
coi2	彩	採	采	綵	睬	寀	茝	踩	跴	棌	茞	跐	䐆	倸	埰	宷
coi3	菜	蔡	賽	塞	采	䌨	縩	㥶	簺	埰	宷
coi4	才	裁	財	材	纔
cok3	錯	剒	戳	庴	昔	厝	戮	搠	擉	鐲
cong1	倉	滄	瘡	蒼	創	艙	傖	鶬	凔	蹌	䱽	刅	剏	搶	摐	瑲	刄	刱	剙
cong2	闖	廠	敞	氅	昶	厰	惝	愴	搶	駔	倉	蒼	奘	戃	磢	鋹	𢠵	𪅶
cong3	創	愴	闖	刱	剏	剙	刅	戧
cong4	幢	床	牀	藏	疒	撞	臧	橦
cou1	操	粗	麤	觕	麄	撡	怚	麁	䎭	澡	𢮥
cou2	草	艸	騲	懆	藻	娶	慅	薻	鯫
cou3	澡	噪	措	躁	醋	燥	糙	造	厝	操	譟	錯	慥	懆	簉	氉	鄵	酢	趮	鑿	喿	怚	撡	瘄	矂	艁	𢮥
cou4	嘈	曹	槽	徂	漕	殂	螬	艚	鰽	䜊	且	傮	曺	𥕢
cou5	造	𢵄
cuk1	畜	促	蓄	速	束	觫	蹴	蹙	齪	矗	亍	趨	搐	簌	趣	餗	涑	簇	觸	踧	俶	慉	歜	蔌	蹵	數	斶	顣	瘯	蔟	諔	嗽	樕	汋	遬	䔩	滀	漱	鄐	𣙙	𦌊	𫂙	哫	娖	慼	憱	戚	摗	摵	擉	槭	欶	浞	禝	稸	謖	遫	鋜	鶒	齱	齺	𥰡	𪘏
cuk6	蔟
cung1	充	聰	衝	衷	忡	匆	怱	沖	涌	冲	葱	悤	憧	翀	蔥	驄	憃	璁	樅	蓯	囪	罿	聦	茺	偬	囱	瑽	緫	聡	艟	鏦	䓗	䘪	䡴	埇	忩	摐	浺	熜	狆	茐	銃	鏓	騘	𢥞
cung2	塚	寵	冢	偬	冡	慫	龍
cung3	銃	衝	衷	㧤	揰	謥	重	𥅻
cung4	從	叢	松	蟲	重	虫	从	藂	樷	淞	賨	淙	琮	种	悰	㞞	䕺	屣	崇	漎	潀	翀	㗰	䖝	凇	従	爞	瑽
cung5	重
cyu2	處	䖏	処	褚	貯	杵	楮	𠁅
cyu3	處	䖏	処	署	𠁅
cyu4	躇	廚	躕	儲	櫥	幮	滁	除	蜍	篨	㕑	㡡	厨	橱	櫉	蹰	麆	𨆼
cyu5	佇	杵	杼	柱	苧	貯	竚	曙	紵	儲	宁	褚	署	楮	羜	芧	伫	著	抒	柚	砫	紓	苎	處	詝	𣏗
cyu6	覰
cyun1	川	村	穿	邨	躥	汆	巛	氚	釧	鑹	紃	踆
cyun2	揣	惴	喘	忖	舛	竄	荈	踹	湍	攛	僢	刌	遄	踳	剸	歂	輲	闡
cyun3	串	寸	釧	爨	吋	竄	攛	玔	穿	篡	竁	縓	賗	銓
cyun4	傳	全	存	泉	痊	筌	詮	銓	攢	荃	椽	蹲	輇	遄	拴	牷	歂	跧	圌	栓	縓	佺	悛	竣	篅	踆	醛	鰁	仝	壿	欑	皴	逡
cyun5	噂	鱒
cyut3	撮	猝	卒	蕞	捽	踅	橇	蕝	倅	嘬	怵	窣	茁
daa1	打	咑
daa2	打
daai1	獃	呆	騃	𠯪
daai2	歹	傣	帶
daai3	戴	帶	襶	蔕	蒂	𦄂	廗	獃	疐	蹛	𥕧
daai6	大	汏	軑	釱	杕	軚
daak1	咑
daam1	耽	擔	聃	躭	眈	儋	酖	担	湛	耼	甔	紞	䑙	妉	舚	頕	鵮	𦕃
daam2	膽	胆	薝	紞	黵	眈	髧	黕
daam3	擔	石	担	禫	儋	甔
daam5	擔
daam6	啖	淡	澹	萏	啗	氮	噉	憺	髧	窞	賧	餤	倓	菼	嚪	惔	禫	贉	霮
daan1	單	丹	殫	簞	鄲	襌	癉	勯	匰	坍	鱓	单	禪
daan2	担	旦	蛋	彈	疍
daan3	旦	誕	癉	𧩙	訑	鉭	疸	鴠	澶	狚	𤺺
daan6	但	彈	蛋	憚	蜑	撣	澶	僤	疍	儃	撢	旦	亶	燀	膻	鉭	𢠸	𣇇
daap1	嗒	䐛
daap3	搭	答	瘩	褡	耷	荅	畣	嗒	剳	疸	鎝	鞳	㗳	㾑	匒	撘	溚	𤺥
daap6	沓	踏	遝	蹋	嚃	漯	闒	䶀	眔	𨓬	䎓	䵬	匒	牐	誻	蹹	鞈	鞜	鞳	鰨	𠴲	𦑶
daat3	笪	怛	靼	妲	𢴈	跌	躂	㟷	呾	嗒	噠	墶	撻	炟	狧	韃	𢛁
daat6	達	薘	繨	鐽	噠	䃮	嗒	墶	羍	鞳	𦍒	𦪭	𨔶
dai1	低	氐	羝	磾	胝	鞮	袛	堤	彽
dai2	底	抵	砥	詆	邸	柢	氐	牴	坻	觝	弤	羝	骶	胝	厎	提	歹	觗	軧	阺
dai3	締	帝	諦	蒂	禘	碲	蝃	螮	蔕	揥	渧	嚏	墆	疐	䟡	慸	摕	泜	詆	达	𤴡
dai6	隸	弟	第	逮	遞	悌	棣	埭	娣	杕	踶	隶	墆	遰	隷	苐	釱	𨽻	媞	軑	題	俤	慸	睇	递	靆
dak1	得	德	惪	䙷	淂	鍀	㝵	嘚	𢛳
dak6	特	螣	杙	𣏾	樴	蟘
dam1	䏙	揼	耽	䑙
dam2	抌	沊	揼	黕
dam3	髧	䑙	紞
dam4	榃
dam6	𨂽
dan1	墩	墪	噸	暾
dan2	躉	𣎴	不
dan3	扽	撴	蹾	㩐
dan6	燉	炖	扽
dang1	燈	登	簦	鐙	豋	灯	噔	瞪	㲪	䔲	蹬	鼟
dang2	等	戥	䓁
dang3	櫈	凳	磴	鐙	嶝	瞪	墱	橙	蹬	隥
dang6	鄧	蹬	澄	瞪	戥	誁
dap1	嗒	䐛	塌	耷	𦖿
dap6	𢱕	撘	踏
dat1	腯	𠱂	咄
dat6	凸	突	葖	吐	㟮	堗	怢	犆	腯	蟘	鼵
dau1	兜	篼	㨮	唗	蔸	兠	郖	𣘛
dau2	糾	赳	斗	抖	陡	蚪	枓	鈄	吋	糺	㪷	九	痘	紏	荳	豆	阧	𧺯
dau3	鬥	鬬	竇	鬦	鬪	斗	藪	闘	餖	𢭃
dau6	痘	豆	逗	竇	荳	讀	脰	餖	鋀	哣	梪	浢	𢭃	𥥷	瀆	𤵊	窬	郖
de1	爹
de2	嗲	襶	姐
de4	嗲
dei2	哋
dei6	地	哋	埭	墬	埊
dek2	笛
dek3	趯
dek6	笛	糴	篴
deng1	釘	疔	盯	鞓
deng2	頂	打
deng3	掟	釘	訂	飣
deng6	定	埞	㝎
deoi1	堆	敦	䭔	䊚	追	㪟	䏨	埻	焞	獃	磓	鎚	鐓	𠂤
deoi2	對	㨃	懟
deoi3	兌	對	碓	憝	敦	轛	对	祋	膇	駾	䏨	䨴	懟	戴	𡭊
deoi6	隊	兌	懟	錞	憝	譈	鐓	駾	帨	㬣	憞	敦	薱	鐜
deon1	敦	噸	墩	惇	蹲	礅	墪	憝	撴	㥫	㪟	壿	暾	燉	錞	鐓	鐜	驐
deon2	躉
deon3	頓
deon6	遁	頓	鈍	沌	燉	盹	遯	囤	炖	敦	砘	噸	彖	飩
deot1	咄	柮	飿
dep1	嗒
deu6	掉
di1	啲	的
di6	哋
dik1	的	嫡	滴	鏑	適	蹢	玓	甋	靮	啇	豴	弔	菂	嘀	吊	唙	旳	樀	馰	𣾪
dik3	滴
dik6	敵	滌	狄	翟	荻	覿	迪	廸	滴	逖	踧	籊	嘀	逷	甋	苖	適	鏑	鸐	䯼	唙	浟	滺	笛	糴	蔐	藡	逐	鍉	頔	𨗹
dim1	掂	敁	痁	詀
dim2	點	点	舚	蒧	踮
dim3	店	玷	惦	痁	坫	阽	掂	墊	扂	埝	踮	颭	簟	苫
dim6	掂	𠶧	埝
din1	巔	癲	顛	傎	滇	攧	瘨	蹎	碘	顚	巓	甸	齻
din2	典	碘	腆	痶	捵	淟	靦	㥏	簟	蕇	蚕	覥
din3	墊	瑱	唸	殿
din6	甸	佃	奠	殿	電	靛	澱	墊	鈿	淀	癜	瑱	唸	簟	𣵦
ding1	丁	仃	叮	玎	疔	釘	汀	町	酊	靪	盯	耵	鞓	灯	矴	飣
ding2	頂	鼎	酊	町	打	䅍	侹	濎	艼	薡
ding3	訂	碇	飣	椗	錠	矴	䅍	蒂	蔕	釘	顁
ding6	定	錠	椗	碇	腚	㝎	啶	淀	鋌
dip2	蝶	碟	蜨
dip3	跕
dip6	牒	疊	碟	諜	蝶	喋	堞	蹀	叠	鰈	蜨	揲	褶	曡	渫	啑	楪	艓	㬪	㲲	屧	惵	慴	鍱	䙝	䚢	墊	殜	氎	涉	蛺	褋	跕
dit1	啲
dit3	跌	墆
dit6	秩	迭	垤	瓞	耋	帙	絰	袠	昳	咥	軼	紩	螲	墆	袟	臷	豑	豒	佚	凸	抶	柣	眣	窒	詄	鉄	嵽	翐	耊	胅	苵	跮
diu1	雕	凋	刁	彫	貂	丟	碉	鵰	琱	鯛	鼦	銩	叼	丢	敦	汈	蛁	錭	鳭
diu2	屌	鳥	𨳒
diu3	弔	釣	吊	窵	蓧	盄	莜	藋	誂	銱
diu6	調	掉	銚	窕	蓧	缻	丟	丢	嬥	莜	踔
do1	多	哆	𥭋	夛
do2	躲	朵	垛	嚲	埵	朶	跺	剁	趓	軃	鬌	奲	癉	跥	躱	刴	垜	墮	媠	橢	綞	跢	𥞛	𥬲
do3	剁	埵
do6	墮	惰	嶞	隋	媠	馱	鬌	䭾	堶	墯	陊	陏	隳
doe2	朵	朶	哚	垛	跺	躲	𥬲
doe3	剁	垛	朵	跺	躲	𥬲
doek3	啄	琢	涿	斲	諑	椓	剁	噣	斮	斵	啅	斫	刴	剒	劅	豖
doeng1	啄	𡁷
doi6	代	待	袋	岱	玳	黛	靆	瑇	迨	怠	逮	埭	殆	隶	紿	毒	貸	甙	𥿝	䈚	曃	棣	祋	蝳	詒	酨	霴	黱
dok6	度	鐸	踱	凙	剫	㤞	庹	襗
dong1	當	鐺	璫	襠	簹	噹	当	檔	蟷
dong2	黨	讜	擋	攩	檔	党	钂	䣊	壋	搪	當
dong3	當	檔	擋	当	攩
dong5	宕
dong6	蕩	宕	盪	碭	菪	璗	簜	逿	愓	湯	潒	燙	瑒	瓽	踼
dou1	刀	都	闍	忉	嘟	舠	刂	叨	裯	氘	魛	鳭	𠚣	𦘴
dou2	倒	島	睹	賭	堵	覩	搗	擣	㠀	壔	禱	陼	艔	隝	𢷬
dou3	到	妒	妬	倒	蠹	斁	蠧	捯	螙	幬	燾	秅	鬥	鬦	鬭
dou5	道
dou6	道	導	度	悼	杜	盜	稻	蹈	鍍	渡	纛	燾	翿	幬	妒	蠧	妬	蠹	淖	盗	稌	艔	芏	螙	衟	𨕥	䆃	堍	斁	毒	瑇	秺	荰	靯	𢾖
dui1	錞	鐜
duk1	督	篤	毒	𡰪	厾	突	竺	㞘	裻	㧻	叾	涿	𧰵
duk3	毒
duk6	毒	牘	獨	讀	瀆	犢	黷	櫝	纛	讟	髑	匵	頓	凟	殰	碡	独	韣	嬻	贕	韇	匱	瑇	竇	襡	鑟
dung1	冬	東	鼕	蝀	氭	咚	崬	氡	涷	鶇	佟	柊	螽
dung2	懂	董	踵	畽	疃	偅	棟	歱	蕫
dung3	棟	凍	蝀	崠	涷	湩	腖
dung4	鼕
dung6	棟	動	慟	洞	恫	働	胴	峒	峝	衕	戙	侗	垌	挏	硐	湩	疃	痌	蚛	迵
dyun1	端	耑	湍	剬
dyun2	短	𢷖
dyun3	斷	鍛	煅	碫	腶	籪	踹
dyun6	斷	段	緞	毈	籪	椴	鍛	煅	塅	断	腶	踹	𩏇
dyut1	腯
dyut3	掇
dyut6	奪	剟
faa1	花	華	蘤	芲	化	錵	𠌶
faa3	化	划	擭	匕	杹	𠤎
faa4	吪
faai3	傀	快	塊	筷	噲	凷	蒯	駃	瑰	磈	隗
faak3	拂
faan1	番	翻	幡	繙	旛	飜	反	𢬵	蕃	拚	轓	憣	犿	返
faan2	反	返	坂	阪	㤆	𠆩	䡊	岅
faan3	泛	氾	汎	販	畈	釩	反	嬔
faan4	梵	蕃	凡	帆	煩	繁	藩	礬	樊	燔	蘩	墦	膰	璠	蠜	蹯	颿	釩	緐	籓	氾	笲	袢	鐇	鷭	㠶	䋣	䪤	凢	棥	泛	瀿	矾	籵	繙	薠	蟠	𠆩	𨆌
faan5	飯	販	飰	𨠒
faan6	梵	犯	範	范	飯	瓣	笵	飰	軬	帆	販	樊	氾	畈	覂	軓	鋄	颿
faat3	法	發	髮	琺	珐	砝	灋	㳒	醱
faat6	乏	伐	筏	罰	罸	閥	𠟟
fai1	徽	揮	輝	暉	麾	撝	煇	翬	隳	墮	褘	楎	戲	琿	媯	挼	睢	㩣	墯	嬀	幑	毴	溈	葷	鄬	鰴
fai2	痱	疿
fai3	費	廢	肺	沸	芾	疿	癈	怫	痱	狒	杮	𣏕	䕠	剕	鐨	䉬	俷	巿	昲	櫠	砩	茷	諱	靅	髴
fai6	吠	痱	疿	沸
fan1	分	吩	婚	昏	紛	芬	葷	薰	氛	閽	勛	勳	熏	曛	醺	雰	燻	獯	惛	棻	纁	昬	棼	焄	殙	壎	緡	湣	窨	緍	臐	塤	惽	枌	涽	酚	餴	㛰	匪	棔	汾	煇	㖧	㬟	勲	朆	玢	砏	翂	饙	𠉣	𨵽
fan2	粉
fan3	糞	訓	瞓	睏	瀵	份	僨	分
fan4	墳	焚	汾	棼	濆	蕡	豶	坟	枌	蚡	賁	鼖	幩	鼢	餴	羵	羒	坆	妢	朌	肦	蒶	轒	隫	黂
fan5	奮	憤	忿	僨	噴	坋	濆	扮	拚	賁	墳	焚	坟	牝	鱝	歕	糞	魵	鼢
fan6	份	分
fang4	揈
fat1	弗	忽	拂	紼	彿	惚	笏	窟	芾	髴	黻	囫	祓	紱	艴	茀	唿	韍	佛	欻	氟	綍	㧾	巿	曶	淴	歘	沸	袚	堀	寣	帗	掘	昒	狒	笰	絀	芴	蔽	㸓	㺀	刜	匫	吻	搰	矻	鍃	魆	鮄
fat6	佛	伐	乏	筏	罰	閥	怫	垡	咈	罸	茷	栰	刜	㕹	坲	岪	拂	甶	瞂	砩	韍	鮄	𠲎
fau1	缶	抔	坏	裒	缻	紑
fau2	否	剖	缶	不	掊	缻	芣	棓	缹
fau3	副
fau4	浮	蜉	罘	涪	芣	不	裒	枹	桴	紑	罦	棓	稃	粰	䳕	抔	烰	鴀	𦊾
fau5	阜	缶
fau6	埠	阜	復	覆	伏	䘀	偩	复	峊	𣸪
fe1	啡
fe3	㹃
fei1	妃	非	飛	扉	霏	菲	蜚	緋	騑	啡	馡	裶	匪	隳	墮	鯡	婓	斐	翡	腓	誹
fei2	匪	菲	誹	斐	翡	悱	篚	蜚	棐	朏	榧	痱	剕	屝	狒	疿	蜰	俷	厞	陫	𧍃
fei3	剕	痱	翡
fei4	肥	淝	腓	蜰	痱	婓
fei6	狒	剕	䠊	翡
fik1	𠱥	弗
fing3	捹
fing6	捹
fit1	𢝵
fiu3	覅
fo1	科	蝌	窠	稞	棵	髁	窽
fo2	夥	伙	火	顆	棵	鈥	輠	堁
fo3	課	貨	髁	騍	堁	錁
fok3	霍	攫	藿	矍	縛	躩	戄	蠼	钁	臛	𦞦	彏	攉	玃	矐	貜	㺢	䂄	漷	瞿	矆	靃
fok6	縛
fong1	坊	慌	方	肓	芳	荒	肪	謊	枋	邡	鈁	匚	衁	祊	詤	㡛	塃	怳	蚄	𥁃	匸	巟	汸
fong2	仿	倣	彷	紡	舫	訪	晃	恍	髣	幌	怳	昉	謊	榥	貺	放	況	滉	㨪	况	旊	皝	誑	迋	㤃	坊	愰	房	枋	櫎	熀	瓬	眆	芒	詤	𦬺
fong3	放	況	貺	况	鄺	兄
fong4	妨	房	防	魴	坊	鰟
fu1	俘	呼	夫	孚	敷	枯	膚	孵	桴	戲	趺	鈇	莩	跗	伕	刳	嘑	枹	砆	郛	骷	麩	滹	玞	鄜	柎	痡	稃	膴	虖	謼	乎	虍	衭	麱	坿	拊	歑	粰	垺	幠	旉	䱐	呋	尃	怤	戯	泭	烀	箍	罦	𧦝	䎔	䒀	䴸	傅	咐	寣	挎	罘	胕	荴	軤	鮬	鳺	𨹴
fu2	甫	脯	俯	府	撫	斧	腑	苦	琥	虎	釜	拊	父	頫	俛	黼	簠	唬	楛	滏	鬴	捬	莆	滸	嘸	弣	許	鯆	抚	柎	汻	箎	蜅	軵	郙	釡	鈇
fu3	副	富	庫	賦	戽	咐	袴	褲	絝	衭	胯	嘑	怀	駙	䔰	福	褔	謼	赴	鍑
fu4	夫	扶	符	蚨	乎	芙	苻	鳧	榑	枎	玞	虖	鳬	䵾	洑	胕	趺
fu5	婦	媍	蝜	𧌈
fu6	傅	仆	付	父	腐	訃	負	赴	輔	附	賻	駙	鮒	祔	坿	咐	㳇	偩	蝜	袝	踣	扈	胕	蚹	跗	𩵹
fui1	恢	灰	詼	魁	奎	悝	虺	豗	喹	櫆	蝰	隳	咴	虫
fui2	賄	洧	鮪	痏	悔
fui3	悔	晦	誨	喙	靧	頮	痗	賄	顪
fuk1	幅	福	腹	蝠	覆	輻	馥	複	蝮	復	鰒	愎	輹	葍	楅	鍑	复	畐	畗
fuk6	伏	服	茯	袱	復	宓	菔	洑	虙	鵩	复	匐	幞	栿	箙	鰒	斛	襆	垘	澓	畗	絥	纀	蔔	蕧	襥	鴔	𠬝	𦨈	𩊙
fun1	寬	歡	懽	驩	讙	貛	髖	獾	䝔	嚾	欢	犿	臗	貆
fun2	盥	款	欵	浣	窾	澣	梡	窽	䥗	𡪡
fun3	喚
fung1	風	丰	封	峯	楓	烽	瘋	蜂	豐	鋒	蠭	酆	葑	灃	峰	夆	渢	犎	㷭	飌	鏠	碸	㕫	䗬	凨	凬	蘴	豊	鄷	麷
fung2	俸	捧	唪	琫	菶	覂	奉	諷	風
fung3	諷	風	賵	葑	凨	凬	縫	飌
fung4	縫	馮	逢	蓬	渢	摓	夆	篷
fung6	奉	鳳	縫	俸	凤	湗	甮	葑	賵	賻
fut3	闊	蛞	濶	活
gaa1	加	嘉	家	枷	笳	袈	痂	傢	葭	迦	伽	珈	豭	跏	耞	茄	嘎	噶	鉫	鎵	鴐	嘠	㹢	䴥	咖	尕	麚	㗎	哈	尜	椵	泇	釓	駕	鴚	𠺢	𪀉
gaa2	假	賈	斝	嘏	檟	叚	夏	玍	榎	瘕	椵	斚	架	釓
gaa3	價	嫁	架	稼	駕	假	賈	咖	㗎	价	叚	幏
gaa4	㗎	嘎
gaai1	佳	偕	皆	街	階	楷	喈	堦	稭	薢	湝	䕸	垓	痎	鍇	秸	陔	亍	噲	揩	荄	裓
gaai2	解	楷	檞
gaai3	介	屆	戒	界	疥	芥	誡	解	尬	价	蚧	廨	玠	䯰	悈	犗	届	薢	鎅	魪	恝	懈	岕	紒	骱	丯	堺	瘛	葪	𠝹	𡯓
gaak3	格	隔	革	膈	骼	鬲	胳	鎘	嗝	槅	翮	肐	挌	塥	滆	緙	茖	觡	鉻	𠺝	夾	愅	搿	裓
gaam1	尷	監	緘	尲	椷	尶
gaam2	減	减	嵌	感	橄	鱤
gaam3	鑑	鑒	監	尷	橄	鍳	淦
gaam6	檻
gaan1	間	艱	奸	姦	菅	囏	閒	蕑	艰	姧	艮	葌	蕳
gaan2	揀	柬	簡	繭	鹼	筧	碱	鐧	鹻	堿	梘	襇	蠒	趼	澗	癇	癎	襺	暕	礆	絸	膙	茧	蕳	襉	醎	醶	鐗	鹹	𥳑	𮕖
gaan3	間	諫	澗	閒	襇	瞯	覸	鐧	瞷	㵎	癇	襉	覵	鐗
gaang1	耕	更	畊	粳	囲	稉	絚	經	緪
gaang2	亘	梗	綆	骾	鯁
gaang3	逕	挭	橄	浭	筻	徑	更
gaap2	鴿
gaap3	夾	頰	甲	莢	袷	胛	蛺	鉀	岬	筴	鋏	郟	搿	裌	浹	跲	韐	梜	鴿	合	夹	蛤	閤	鞈	佮	挾	柙	舺	鉿	餄	鵊	𣊡	𨦗
gaap6	拶	硤
gaat3	戛	軋	釓	恝	頡	呷	嘎	噶	尜	戞	拮	揳	擖	玍
gaat6	甴	曱
gaau1	交	膠	蛟	轇	郊	茭	鮫	教	嘐	跤	艽	鵁	樛	筊	佼	峧	篝	𡥈
gaau2	攪	狡	皎	絞	姣	餃	佼	搞	筊	鉸	恔	晈	皦	𤶀
gaau3	教	較	校	窖	滘	覺	鉸	珓	酵	斠	窌	敎	斍	漖	筊	垢	挍	覚	餃	𡥈
gai1	笄	雞	鷄	枅	㚻	鳮	筓	結	𥀖
gai2	偈
gai3	繼	計	髻	薊	罽	彐	恝	檵	䯻	繫	偈	揭	紒	𦇧	㡭	彑	洎	炔	筀	結	継	葪	蔇	訐	𣪠
gai6	偈	揭	計
gam1	今	柑	甘	疳	金	泔	禁	苷	衿	紟	紺	酣	䘳	蚶	鑫	黅	𣵷
gam2	感	錦	敢	橄	澉	噉	䲎	咁	鱤	𡑒
gam3	噤	禁	贛	紺	咁	淦	灨	贑	唫	僸	橄	紟	衿	㩒	㽏	凎	噉
gam6	撳	搇	㩒	扲	捦	欽
gan1	巾	斤	根	筋	跟	觔	哏	齦	釿	䈥	冠	垠	鄞	齗
gan2	僅	緊	謹	饉	巹	瑾	堇	槿	廑	殣	墐	覲	厪	𦂳	靳	㢙	卺	慬	斡	菫	蓳	𦃂	𧯷
gan3	艮	茛	靳	斤	覲	墐	慗	近	冠	峎	肵	鄞
gan6	近	覲	僅	墐	廑	殣	瑾	饉	厪	堇	靳
gang1	庚	更	粳	賡	鶊	稉	羮	浭	秔	羹	耕	畊	絚	縆	埂	莖	傖	粇	絙	緪	㪅	䊺
gang2	梗	耿	亙	哽	綆	鯁	亘	埂	骾	熲	堩	硬	郠	䋁	䱎	䱭	恆	恒	秔	稉	絙	絚	縆	𠀕	𡍷
gang3	更	㪅	暅	梗	逕
gap1	急	芨	忣	級	喼	歙	汲	給	翕	頜
gap2	鴿
gap3	蛤	鴿	合	郃	蓋	閤	搿	頜	佮	葢	袷
gap6	及	蓋	芨	蛤	鴿	㧀	合	郃	閤
gat1	吉	桔	訖	佶	咭	紇	虼	吃	姞	拮	㓤	蛣	疙	肐	仡	劼	屹	裓	詰	郅	鮚	𢩦	𢩴
gat3	圪
gat6	疙	趷	趌	䞘	跀	吃	曱
gau1	溝	鳩	鬮	龜	勼	樛	篝	鞲	韝	緱	勾	句	鈎	摎	繆	鉤	丩	艽	褠	㭌	亀	佝	尻	搆	朻	枸	構	泃	瘳	簼	袧	軥	龜	𨳊
gau2	糾	赳	九	久	枸	玖	苟	狗	韭	笱	耈	岣	韮	垢	耇	糺	氿	汣	芶	詬	訽
gau3	構	購	咎	救	究	夠	疚	彀	灸	媾	廐	覯	遘	垢	搆	詬	够	姤	捄	雊	冓	廄	柩	鷇	句	篝	㝅	厩	傋	廏	臼	訽	匶	炙	𪠔
gau6	舊	柩	臼	嚿	匶	𣓌	䊆	旧
ge1	伽	痂
ge2	嘅
ge3	嘅
gei1	基	幾	機	箕	肌	譏	几	奇	姬	畿	飢	期	磯	羈	饑	乩	璣	嘰	畸	其	萁	剞	朞	犄	禨	羇	机	稘	綦	觭	丌	覊	蟣	居	鞿	刉	鐖	魕	棋	碁	竒	覉	錤	麂	㞐	䇫	䩭	凥	刏	吱	墼	妃	嬀	嵇	欹	璂	踦	𡠧	𦮼
gei2	紀	幾	己	杞	麂	掎	庋	芑	蟣	屺	踦	几	剞	机	圮	庪	魢	𡵆	𣲆
gei3	寄	記	既	覬	洎	紀	蔇	計	穊	旡	旣	暨	罽	幾	禨	近	其	垍	塈	徛	忌	疙
gei6	妓	忌	技	伎	芰	惎	跽	忮	洎	騎	𦜕	庋	踦	邔	垍	誋	鬾	𡜱	𦮼
geng1	驚	猄	獍
geng2	頸
geng3	鏡	獍
geng6	儆	擏
geoi1	車	居	裾	琚	据	椐	俱	腒	㞐	崌	凥	捄	駒	鶋
geoi2	矩	舉	踽	筥	莒	齲	枸	榘	柜	蒟	弆	椇	櫸	擧	偊	欅	籧	㪯	屨	窶	举	攑	櫃	萭
geoi3	句	踞	鋸	據	倨	屨	瞿	据	遽	醵	鐻	㨿	䱟	勮	泃	豦	躆
geoi4	鐻
geoi5	屨	詎
geoi6	具	巨	懼	鉅	颶	詎	炬	苣	遽	秬	醵	簴	虡	窶	惧	歫	鐻	愳	粔	距	埧	寠	瞿	蚷	駏	怇	洰	澽	犋	臄	豦	俱	岠	據	痀	𩗗
gep2	夾
gep6	夾
gi1	嘰	機
gik1	擊	棘	激	亟	殛	戟	墼	革	襋	㦸	𣪠	㥛	悈	撠	撽	茍	轚	噭	揳	極	艻	隔	𠽤	𢵿	𨊥
gik6	極	㥛
gim1	兼	縑	蒹	鰜	鶼	搛	鬑	𠔥
gim2	檢	撿	瞼	臉
gim3	劍	劒	劔
gim6	儉	芡
gin1	堅	肩	犍	鞬	豜	鈃	幵	枅	鰹	靬	鵳	汧	菺	鵑	𧲨
gin2	蹇	謇	趼	繭	囝	寋	湕	研
gin3	毽	建	見	腱	囝	梘
gin6	件	健	鍵	楗	腱	鞬	寋	建	徤	揵	毽	犍	踺	𣴓
ging1	京	兢	經	驚	矜	荊	涇	莖	巠	痙	惊	猄	経	荆	陘	鵛	麖	𥎊	𦀇
ging2	境	景	警	儆	竟	剄	憬	璟	頸	幜	㯳	憼	熲	獍	脛
ging3	莖	敬	徑	脛	逕	勁	獍	踁	剄	弳	痙	俓	競	鏡
ging6	勁	競	倞	痙	徑	竟	劤	殑	逕
gip1	喼	篋
gip2	夾
gip3	澀	劫	刦	刧	刼	歰	澁	蜐	匧	篋	袷	䛟	夾	抾	拾	濇	硤	翜	衱	鵖
gip6	狹	夾
git3	潔	結	絜	拮	袺	鮚	擷	頡	桔	㛃	劼	黠	䥛	佶	傑	姞	愒	揳	杰	桀	秸	纈	葛	襭	詰
git6	傑	桀	杰	偈	榤	竭	渴	碣	楬	𪀾
giu1	澆	嬌	驕	憍	鷮	儌	徼
giu2	繳	矯	糾	撟	皦	嶠	蹻	儌	轎	敽	徼	蟜	赳	僥	敫	糺	鱎	九	敿	紏	譑	趫
giu3	叫	徼	噭	敫	嘂	呌	儌	譥	訆
giu6	撬	轎	嶠
go1	哥	歌	謌	菏	牁	旮	戈	仡	柯	鴚	𪀉
go2	哿	舸	嗰	笴
go3	個	箇	个	𪜭
goe1	𢳉
goe3	鋸
goek3	脚	腳	屩	蹻
goeng1	僵	姜	疆	羌	薑	韁	殭	蜣	繮	畺	慶	羗	橿	彊	礓	䗵	傹	𦍑
goeng2	蔃
goeng6	強	彊	糨	糡	强	犟	勥	唴
goi1	該	賅	垓	陔	荄	侅	磑	閡	㧡	祴	晐	核	畡	絯	賌	隑
goi2	改	胲
goi3	蓋	葢	盖
gok2	桷	角
gok3	角	各	閣	覺	擱	桷	閤	斠	瑴	較	傕	捔	玨	埆	珏	鉻	确	觳	袼	斍	格	硌	咯	旮	梏	茖	覚	顜
gon1	乾	干	杆	竿	肝	玕	桿	亁	犴	忓	矸	虷	豻	酐	乹	奸	漧	阬	鳱
gon2	稈	趕	擀	赶	筸	秆	桿	扞	皯	笴
gon3	幹	榦	旰	骭	簳	倝	旱	矸
gong1	剛	岡	崗	江	綱	缸	扛	肛	罡	豇	鋼	杠	釭	亢	矼	堽	疘	舡	茳	掆	碙	阬	㓻	㟠	冮	坑	摃	棡	焵	犅	瓨	𤭛	𥒚
gong2	講	港	耩	㽘	䴚	耥	顜
gong3	鋼	降	絳	槓	洚	杠	夯	橫	䜶	夅	棡	虹
gong6	扛	螫
got3	割	轕	葛	噶	歹	蓋	㖵	嶱	盖	輵
gou1	篙	羔	膏	高	糕	皋	餻	睾	櫜	臯	咎	槔	鼛	橰	槹	橋	皐	髙	嗥	榚	皞
gou2	槁	稿	縞	杲	稾	鎬	藳	暠	槀	皜	藁	皥	滈	皓	稁	鄗
gou3	告	誥	膏	郜	鋯	吿
gu1	菰	姑	孤	沽	辜	鴣	菇	蛄	酤	家	觚	呱	咕	罛	苽	軱	鈷	泒	箛	怙	罟	軲	估	傢	嘏	枯	柧	轂	鮬	𨬟
gu2	賈	古	牯	瞽	股	蠱	鼓	估	嘏	罟	詁	鈷	皷	盬	羖	臌	岵	咕	怙	蛌	䀇	凸	沽	祜	鼔	骨	𠑹	𦍩
gu3	雇	僱	固	故	顧	痼	錮	估	堌	鯝	崮	稒	酤	頋
gui6	癐
guk1	穀	谷	菊	鞠	鵠	掬	梏	告	轂	鞫	嚳	麴	匊	踘	牿	旭	麯	榖	鋊	峪	鋦	挶	隺	頊	唂	梮	椈	濲	鵒	俈	勗	吿	唃	局	瀔	瀫	糓	縠	蘜	諊	輂	鋸	鵴	𥷤	𦥑	𨢋
guk6	局	跼	侷	挶	觳	焗	鋦	梮	檋	輂
gun1	倌	官	棺	觀	冠	莞	涫	覌
gun2	管	莞	琯	館	筦	斡	脘	舘	䲘	痯	輨	朊	逭	錧	𩸘
gun3	灌	罐	貫	冠	觀	祼	鸛	毌	瓘	盥	涫	爟	鑵	雚	悹	悺	斡	逭
gung1	供	公	功	宮	工	弓	恭	攻	躬	芎	蚣	龔	共	紅	躳	塨	釭	肛	珙	穹	㧬	䳍	巩	疘	篢	藭	訌	鞠	魟	𢙄	𦲄
gung2	拱	鞏	珙	廾	栱	㧬	共	拲	孒	孓	輁	灨	蛬
gung3	貢	供	贛	灨	䲲	嗊	槓	汞	共	哄	銾
gung4	穹
gung5	仜
gung6	共	䳍
gyun1	娟	捐	涓	鵑	蠲	身	悁	蜎	睊	鞙	嫚	駽	嬛	懁	鋗
gyun2	卷	捲	綣	錈
gyun3	眷	絹	狷	獧	罥	鄄	卷	睊	睠	悁	券	圈	帣	綣	桊	肙	腃	駽	婘	惓	棬	絭	羂
gyun6	倦	圈	劵	勌	券	狷	獧	睠	𠉮
gyut3	劂	瘚	蹶	𠜾
gyut6	橛	劂
gwaa1	瓜	呱	緺	䒷	栝	胍	桰
gwaa2	寡	剮	叧	冎	𠮠
gwaa3	卦	掛	褂	罣	挂	詿	絓	罫	啩	髂	𦊱
gwaai1	乖	絓	䦱
gwaai2	拐	枴	蒯	罫	柺	蚧	踅	𧊅	夬	擓
gwaai3	怪	夬	恠	嘳	蒯
gwaak1	摑
gwaak3	摑
gwaan1	關	鰥	綸	瘝	矜	莞	菅	関	闗	鱞	𥎊	𩻴
gwaan3	慣	摜	丱	串	擐	貫	卝	躀	𢇇
gwaang1	矗	肱	薨	觥	訇
gwaang2	梗
gwaang3	逛
gwaang6	逛	俇	桄
gwaat3	刮	颳	劀	括	捖	𢬸
gwaau3	靠
gwai1	歸	皈	龜	閨	圭	刲	珪	瑰	鮭	傀	媯	邽	瓌	巋	溈	硅	袿	䢜	㱕	垝	廆	归	洼	畦	跬	騩	亀	嬀	恚	潙	眭	蹞	頍	龜	𬺞
gwai2	詭	軌	鬼	晷	宄	匭	簋	垝	庋	姽	佹	氿	庪	陒	檜	𣪕	厬	媿	恑	朹	癸	𢧩
gwai3	季	癸	貴	悸	桂	瑰	鱖	瞶	蹶	劌	溎	傀	炅	趹	鯚	攰	瓌	隗	鱥	䝿	䳏	恚	憒	撅	炔	猤	痵	蹷
gwai6	櫃	跪	匱	餽	簣	饋	蕢	闠	劌	柜	跽	遺	撅	潰	鞼	瞶	聵	壝	憒	撌	鐀	𦜕
gwak1	砳
gwak3	摑
gwan1	均	君	鈞	軍	昆	崑	皸	龜	焜	琨	褌	鯤	麕	鵾	麇	崐	晜	筠	錕	裩	㡓	莙	袀	鮶	亀	囷	桾	汮	綸	縜	鋆	鶤	麏	龜
gwan2	滾	鯀	袞	鮌	混	丨	渾	緄	衮	輥	逭	䃂	掍	滚	磙	蔉	裷	𥕦	𧬪
gwan3	棍	捃	攟	攈	攗	睔	筠	𢹲
gwan6	郡	珺	𨛦
gwang1	肱	轟	薨	觥	訇	觵	渹	輷	厶	揈	甍	硡	謍	鍧	頵	𥔀	𦒃
gwat1	橘	骨	滑	汩	鶻	榾	譎	蓇	淈	扢	汨	餶	愲	獝	窟	鷸
gwat3	括	撅
gwat6	掘	倔	崛	屈	撅	窟	闕	䘿	堀	𡲗	𡲬	汩	镼	鶌	𩭪
gwei1	圭	珪	閨	刲	歸	洼	溈	皈	袿	邽	鮭	龜
gwei2	匭	宄	晷	簋	詭	軌	鬼	𤥕
gwei3	桂	季	悸	憒	溎	癸	貴
gwei6	匱	柜	櫃	潰	瞶	簣	跪	跽	蹶	闠	餽	饋
gwik1	隙	虢	洫	綌	闃	馘	郄	郤	侐	虩	鶪	砉	鴃	㶁	淢	湨	郹	鴂	幗	殈	狊	赫	隟	鬩	𨶑	䠐	䱛	炯	覤	郭	騞	鵙	𡭽	𤂆	𨻶
gwik3	鵙
gwing1	扃	坰	駉	冂	冋
gwing2	炯	迥	泂	絅	炅	褧	詗	冏	扃	烱	煚	憬	熲	駉	坰	檾	囧	敻	璟	苘	逈	㢠	㤯	䔛	冂	冋	耿	臩	顈	𢿌
gwing3	敻	詗
gwo1	戈	過	渦	薖	撾	簻	堝	濄	咼	檛	过
gwo2	果	裹	菓	蜾	餜	錁	輠	婐	猓	顆	䴹	堁	惈	躶	騃
gwo3	過	过	和
gwok3	國	幗	郭	廓	蟈	槨	嘓	椁	崞	擴	鞟	鞹	囯	摑	膕	漷	霩	𨉹	㪠	劀	囻	墎	彉	彍	漍	簂
gwong1	光	胱	桄	洸	觥	銧	侊	咣	怳	恍	絖	黆
gwong2	廣	獷	桄	誑	迋
gwong3	桄	礦	鑛
gwu1	姑	孤	沽	菇	菰	觚	辜	酤	鴣	呱	柧	罛	蛄	咕	家	岵	怙
gwu2	估	古	嘏	牯	瞽	股	蠱	賈	鼓	皷	盬	罟	羖	詁	咕	岵	沽	臌	蛌	鈷	𦍩	祜
gwu3	固	故	痼	錮	顧	僱	雇	估
gwui6	癐	䠩
gwun1	倌	冠	官	棺	觀	莞	涫	覌	𠜍
gwun2	管	莞	館	斡	琯	筦	綰	逭	痯	脘	舘	輨	錧
gwun3	灌	觀	貫	冠	罐	鸛	瓘	祼	毌	爟	鑵	婠	棺	盥	涫	琯	礶	覌	逭	𠜍
haa1	蝦	哈	鰕	瘕	鉿	吓	虾	㗇	揢	欺	蛤	嗄	嘏	岈	疨	谺	閕	閜	颬	𨉣
haa2	下
haa4	瑕	遐	霞	蝦	蛤	騢	赮	蕸	暇	瘕	鍜	赧	鰕
haa5	下	夏	吓	哈	奤
haa6	下	夏	暇	廈	厦	吓	榎	煆	芐
haai1	揩	咳	哈
haai3	薤
haai4	諧	鞋	骸	孩	鞵	龤	咳	嚡	駭	偕	頦	兮	膎
haai5	蟹	懈	駭	獬	澥	嶰	邂	駴	蠏	薢	檞	觟	鯱	𪠘
haai6	械	薤	瀣	廨	懈	解	邂	䪥	骱	齘	㕢	嗐	嶰	獬	薢	妎	迦	㿍	叡	觟	韰
haak1	赫	黑	克	刻	剋	嚇	尅	氪	勀	可
haak3	客	嚇	喀	揢	唬	吓	諕	赫	咯	緙	衉
haak6	嚇
haam1	嵌	憨	酣
haam2	餡	闞	㘚	嵌	鬫
haam3	喊	闞	㘚	咸	嵌	㯺	憨	瞰
haam4	函	咸	鹹	涵	銜	啣	諴	嗛	崡	醎	圅	椷	堿	酣	𪻱	㮀	䲗	哆	躪	㘅	碱	菡	衘	醶	麙	𣵷
haam5	菡	豏	檻	闞	壏	憨	鬫
haam6	陷	餡	憾	撼	臽	菡	闞	饀
haan1	慳	鬝	豻	掔	鬜
haan2	瞯	覸	覵	僩	憪	撊	狠
haan3	瞯
haan4	閒	閑	癇	嫻	嫺	憪	鷳	鷴	癎	鷼	蕑	邯	間
haan5	僴	僩
haan6	限	憪	䦘	撊
haang1	坑	阬	桁	夯	䂫
haang4	行	桁	衡
haap1	却	帢	恰
haap3	呷	嗑	掐	歃	狎	哈	柙	洽	跲	䶗	峽	狹	篋	莢	魻	𢘉
haap6	狹	俠	峽	狎	篋	陜	挾	硤	匣	柙	陿	愜	洽	祫	鋏	匧	嗑	掐	歃	霅	却	岬	恰	押	梜	浹	溘	盍	盒	翈	鉔	鞈	韐
haat1	乞
haau1	敲	哮	吼	尻	磽	虓	烤	猇	嘐	墝	拷	烋	酵	髐	唬	嚆	鄗	搞	訄	骹	䯌	嗃	毃	痚	芤	藃	飍	𩩉
haau2	巧	考	攷	拷	栲	烤	薧	丂	熇	酵	𥬯
haau3	孝	酵	吼	嗃	撽	敲	烤
haau4	姣	洨
haau6	效	校	効	傚	斆	恔	囫	斅	謞
hai1	屄	閪
hai2	喺
hai4	兮	奚	鼷	蹊	徯	傒	豀	嵇	謑	谿	郋	騱	㜎	咳	榽	盻	稽	蒵	貕
hai5	匸	謑	䜁	奊
hai6	係	系	繫	禊	盻	傒	妎	檕	稧	褉
hak1	克	刻	剋	黑	可	尅	氪	赫	勊	緙	赩	嘿
hak3	嚇
ham1	堪	坩	戡	龕	憨	蚶	勘	鑫	嵁	谽	嵌	揕	螊	𢦟	𧮰
ham2	坎	砍	欿	轗	埳	凵	扻	莰	顑	㱽	坅	嵌	瞰	矙	磕	菡	輡	顄
ham3	勘	瞰	磡	闞	墈	矙	琀	凵	坎	堿	嵌	戡	崁	撼	斂	歛	砍	唅	埳	憨	頷	鬫
ham4	含	酣	邯	函	晗	浛	焓	㟏	唅	啣	嗛	圅	琀	蚶	谽	顄	𪻱
ham5	頷	顄	菡	圅	撖	蜭
ham6	憾	撼	嵌	冚	瞰	闞	頜	含	喊	陷	頷	𩞿	㪠	勘	泔	琀	矙	菡	顄	顉	鬫
han2	懇	墾	很	狠	齦	頎	佷	豤	哏	恳	齗
han4	痕	拫
han6	恨	𣣻
hang1	亨	莖	鏗	哼	硜	脝	牼	䃘	吭	啈	摼	阬	亯	傖	坑	誙	鑑	𣫒
hang2	肯	啃	肎	肻	齦	恆	悻	掯
hang3	荇
hang4	衡	行	恆	莖	蘅	珩	桁	恒	姮	嫦	拫	亙	佷	筕	絚	緪	胻	鴴	𢖍
hang5	悻	桁
hang6	幸	杏	行	倖	荇	悻	婞	莕	桁	涬
hap1	恰	洽	帢	瞌	磕	匼	掐	歙	溘	祫	袷	鉿
hap3	嗑	瞌
hap6	合	盍	盒	闔	榼	郃	閤	磕	匣	嗑	洽	溘	蓋	瞌	俠	盇	鉿	峇	欱	饁	帀	掐	搕	柙	狹	祫	耠	頜	㔩	㕉	㕎	䶎	劐	匌	匝	峽	挾	斛	浹	烚	硤	礚	葢	鋏	陿	韐	餄	𢈈	𩰙
hat1	乞	吃	契	迄	偰	喫	忔	肐	虼
hat6	核	轄	劾	檄	瞎	翮	覈	閡	紇	覡	舝	鎋	齕	黠	楬	䕸	礉	葜	搳	擖	欬	稭	籺	輅	鶻	麧
hau1	吼	齁	睺	㖃	吽	尻	芤	蓲	𤙖
hau2	口	吼	犼	釦	吽	呴	怐	朽
hau3	吼	犼	簆	呴
hau4	侯	喉	猴	篌	餱	糇	瘊	睺	鍭	矦	緱	鄇	鯸	齁	銗	骺	㗋	垢	翭
hau5	厚	後	垕	𨒥
hau6	候	后	後	逅	堠	鱟	郈	鄇	厚	矦	㸸	侯	吼	垕	缿	茩	銗	鮜	𨒥
he3	襶
hei1	禧	嬉	希	欺	犧	稀	嘻	欷	熙	羲	僖	晞	曦	熹	巇	譆	豨	醯	唏	屎	睎	釐	嘿	悕	諆	熺	絺	僛	嚱	媐	郗	娭	娸	誒	踦	俙	倛	榿	烯	訢	魌	䤈	䫏	嗨	攲	浠	熈	爔	狶	鱚	㩻	䖒	咳	憙	戲	敧	陒	𡃰	𤋮
hei2	喜	豈	起	蟢	憙	屺	芑	禧	䔇	唏	榿	釐
hei3	器	戲	棄	氣	憩	汽	餼	憇	屭	炁	咥	愾	气	塈	乞	愒	噐	弃	憙	霼	亟	呬	喜	戯	甈	㞒	喙	墍	屓	戱	欷	汔	羛
hek3	吃	喫
heng1	輕
heoi1	噓	吁	墟	虛	歔	盱	訏	圩	迂	姁	呴	驉	嘔	紆	芋	魖	魼	𡃧	于	冔	旴	欨	覷
heoi2	許	栩	詡	煦	咻	姁	昫	鄦	冔	去	滸	厺	喣	欨	覷
heoi3	去	酗	厺	䣱	噓
hi1	咦	嘻
him1	謙	嗛	忺	杴	磏
him2	險	玁	獫	嶮	膁	𡽗
him3	欠	芡	慊	傔	歉
hin1	牽	軒	愆	掀	搴	騫	褰	縴	岍	汧	諐	鶱	杴	祅	祆	鍁	嘕	掔	䇂	幵	忺	攐	攓	蚈	蹇	𣔙
hin2	蜆	遣	顯	譴	繾	衍	幰	峴	韅	㬎	俔	薟	䘆	愆	搴	櫶	𠳋	𣊡
hin3	憲	獻	献	縴	讞	巘	牽	甗	莧	軒	䭤	巚	芡	譴	遣	鬳	𩝡	𪩘
hin5	俔
hing1	兄	卿	興	輕	馨	氫	慶	𨆪	𪥌	兴	謦	鑋
hing2	謦
hing3	慶	罄	興	磬	謦	綮	詗	馨	㷫	敻	卿	夐	輕	㞧	兴	殸	矎	鑋
hing5	脛	踁
hip3	怯	歉	慊	嗛	脅	協	脇	勰	叶	愜	挾	謙	嗋	㥦	傔	夾	恊	慴	洽	膁
hip6	協	挾	叶	愜	勰	恊	脅	协	㥦	劦	脇
hit3	蠍	歇	蝎	猲	挈	覈	纈	闕
hiu1	澆	囂	梟	枵	嘵	鴞	僥	徼	橇	驍	蹺	蹻	歊	獢	儌	呺	嚻	磽	膮	趬	鄡	䖀	撟	毊	毳	獟	痚	県	繑	蕝	藃	虈	𧦢
hiu2	曉	嘵
hiu3	竅	撬	皛	徼
hm1	噷
hng1	哼
hng4	哼
hng6	哼	啈
ho1	呵	苛	訶	舸	嚄	嚯	坷	渮	𪽇
ho2	可	坷	舸	岢	哿	軻	鈥	鈳	閜
ho4	何	河	荷	菏	合	嗬
ho6	賀	荷	何
hoe1	靴	鞾	㗾	訶	韡	㞜	噓	𩍇
hoe4	㗾	噱
hoeng1	鄉	香	薌	膷	皀	鄕	𥞌
hoeng2	享	響	餉	饗	晌	响	蠁	饟	亯	嚮	垧	䖮	亨	薌	餮
hoeng3	向	嚮	曏	鄉	珦
hoi1	開	鐦	咍	嗨	闓	剴
hoi2	凱	海	剴	醢	愷	鎧	塏	肯	闓	豈	賄	磑	肎	肻	胲	顗	颽
hoi3	剴	嗐
hoi4	骸	孩	頦	咳	荄	垓	駭	氦	陔
hoi5	駭	頦	駴
hoi6	害	亥	氦	閡	嗐	𡕗	㤥
hok2	鶴
hok3	殼	壳	𣪊	㱿	嗀	熇	蠚	貈	貉	𤌍	㲉	嗃	殻
hok6	學	鶴	貉	鷽	翯	貈	觳	嶨	隺	㿥	佫	嗃	学	斅	斆	斈	澩	皬	矐	确	觷	謞
hon1	刊	看	栞	頇	㸔	刋
hon2	刊	罕	侃	衎	䍐	捍	䍑	䳚	偘	扞	暵	栞	猂
hon3	漢	看	衎	厂	暵	熯	彖	㸔	睂
hon4	寒	韓	邯	鼾	汗	邗	榦	頇	犴	翰	馯	虷	𤞶	䮧	甝	𨞳
hon5	旱	悍	睅	暵	熯	扞	捍	蔊
hon6	汗	翰	扞	悍	瀚	捍	旰	銲	閈	釬	犴	睅	豻	焊	猂	盰	垾	駻	鼾	䮧	忓	撖	暵	涆	澣	熯	蔊	螒	馯	鳱	鶾
hong1	匡	康	筐	糠	腔	眶	劻	框	穅	恇	誆	鏮	槺	哐	洭	跫	㑌	椌	鱇	㝩	俇	吭	啌	矼	砊	粇
hong2	慷	䉺	帑	忼	沆	𨾊
hong3	炕
hong4	杭	航	行	降	頏	吭	沆	迒	桁	絎	骯	䘕	笐	𦨵	夅	栙	肮	蚢	鴴	𣃚	𨹓
hong5	沆	行	酐
hong6	巷	項	衖	行	桁	缿	澒	閧	䢽	笐	銗	𣚺
hot3	喝	曷	渴	褐	鞨	鶡	害	蝎	暍	猲	毼	𦤦	嵑	愒	餲
hot6	喝	害	曷	渴	褐
hou1	蒿	薅	嚆	嘷	䥝	茠	薧	鎒	鏖	髇	齁
hou2	好
hou3	耗	好	犒	藃	㘪	靠	秏
hou4	壕	毫	蠔	豪	濠	號	嚎	嘷	獋	嗥	譹	㩝	啕	号	呺	咷	唬	饕	𧐢
hou5	䇭	晧	皓	皜	鎬
hou6	浩	號	昊	皓	灝	顥	鎬	晧	澔	皜	皞	曍	暠	滈	皥	鄗	号	嗥	暤	淏	昦	暭	杲	獆	薃	鰝	𧬁
huk1	哭	頊	鵠	勖	曲	朂	𨢋
huk6	酷	斛	觳	鵠	槲	縠	熇	蔛	嘝	嚳	歊	瀫	豰
hung1	空	兇	凶	胸	匈	洶	倥	崆	箜	訩	吽	悾	胷	恟	汹	烘	穹	芎	哄	詾	訌	鬨	㕳	哅	啌	忷	控	涳	谾	𣧑	𤙖	𧧣
hung2	恐	孔	倥	空	嗊	吼	哄	汞
hung3	控	空	哄	汞	鞚	鬨	嗅	恐	烘	倥	銾	齅
hung4	洪	熊	紅	虹	雄	鴻	黌	烘	訌	葒	葓	洚	鉷	魟	蕻	䃔	䲨	灴	谼	𧈫	𨾊
hung6	哄	汞	澒	鬨	蕻	銾	閧	訌	烘	𩰓
hyun1	渲	喧	圈	萱	暄	壎	棬	諼	儇	塤	諠	煊	嬛	禤	翾	弮	晅	烜	煖	藼	蠉	萲	咺	蕿	蘐	懁	楦	譞	吅	昕	暖	楥	繯	貆	鋗	駽	𨟠
hyun2	犬	畎	烜	咺	𡿨	𤰕	䘆	圳	甽	𤰝	𤱶
hyun3	勸	券	絢	綣	楥	楦	禤	劝	𢿌	敻	眴	劵	卷	圈	夐	炫	矎
hyun5	券	圈
hyut3	血	決	吷	闕	桖	泬	狘	瞲
jaa1	吔	呀
jaa2	吔
jaa5	也	釶
jaa6	廿
jaai2	踹	跴	踩
jaak3	吃	喫	䝟	猰	窫	齸
jaam4	撢
jaang3	扔
jaap3	擪
jai3	枻	栧
jai4	𠯋
jai5	𠯋	孬
jai6	曳	拽	泄	枻	洩	勩	跩	㹭	抴	栧	跇	䄁	呭	枍	袣	詍	𠂆
jam1	欽	陰	音	喑	歆	瘖	嶔	愔	鑫	侌	隂	廞	髧	阴	𩃬	歛	霒	䨧	廕	撳	蔭	顉	𣱙	𩬎
jam2	飲	㱃	伈	坅	飮
jam3	蔭	廕	窨	飲	喑	陰	㱃	䕃	瘖	蘸	阴	隂
jam4	任	吟	壬	淫	霪	妊	唫	婬	姙	崟	簷	紝	絍	鵀	冘	潭	滛	𩬎	㸒	众	崯	檐	銋
jam5	荏	飪	衽	袵	恁	妊	紝	絍	姙	蘸	腍	蔭	餁
jam6	任	賃	衽	袵	飪	恁	妊	餁	姙	鵀	紝	腍	絍	荏	稔
jan1	姻	慇	湮	因	恩	欣	殷	茵	甄	堙	氤	昕	闉	忻	禋	絪	裀	訢	婣	炘	陻	焮	銦	駰	垔	贇	囙	溵	歅	蒽	鞇	㤙	㶏	洇	蒕	薽	諲	黫	𧛑
jan2	忍	隱	殷	讔	檃	癮	櫽	涊	隐	㥯	㶏	檼	濦	磤	荵	隠	𤔌	𨏈
jan3	印	釁	焮	衅	鮣	舋	茚	垽
jan4	人	仁	寅	夤	儿	殥	亻	紉	𣏴
jan5	忍	引	蚓	癮	靷	螾	廴	听	隱	䌥	吲	㽼	懚	戭	朄	櫽	讔	飪	𤻘
jan6	刃	孕	仞	胤	紉	軔	釁	韌	訒	憖	牣	認	舋	衅	刄	媵	靭	引	娠	酳	憗	隱	㥯	听	肕	脤	芿	靱	𡢘	𣎜	𤔌
jap1	熠	揖	泣	邑	悒	挹	翕	浥	唈	裛	湆	潝	㬤	俋	咠	湇	噏
jap6	入	廿	翕
jat1	一	壹	弌	乙
jat6	日	溢	逸	佚	軼	鎰	佾	泆	肸	衵	馹	掖	昳	液	腋	劮	囸	艗	鷁	失	氜	洫	鈤	䫻	呹	怢	迭	釰
jau1	丘	休	優	幽	憂	蚯	庥	貅	邱	咻	耰	麀	呦	坵	鵂	髹	懮	鄾	髤	卣	嚘	烋	㐀	䱂	櫌	纋	茠	蓲	蹂	𢝊	𧍘
jau2	朽	黝	柚	糅	蹂	揉	禸	懮	輮	泑	煣	糗	厹	羑	㱙	䱂	叴	蚴	釉	鞣
jau3	幼	狖	泑	蚴	袎
jau4	尤	悠	柔	油	猶	由	遊	郵	酋	攸	游	猷	疣	蝣	蕕	泅	繇	蹂	輶	揉	蚰	斿	肬	蝤	鈾	訧	輮	遒	柚	逌	鞣	魷	鯈	冘	囮	滺	猱	髤	髹	楢	犹	鮋	鰌	㘥	䱔	汆	莜	㾞	䍃	卣	厹	尢	庮	怞	櫾	沋	浟	狖	莸	葇	蘨	逰	釉	鰵	𣸯	𤸈	𨠫
jau5	友	有	酉	莠	誘	牖	卣	羑	銪	槱	禸	翛	庮	琇	𤍕	㕗	䬀	牗	羐	蜏
jau6	佑	又	右	宥	柚	囿	祐	侑	有	鼬	釉	狖	褎	肉	櫾	褏	誘	⺕	⺼	牖	莠	鈾
je1	爺
je4	椰	爺	耶	揶	邪	琊	峫	捓	斜	瑘	鎁	㭨	鋣	倻	荼	釾
je5	冶	惹	野	喏	埜	若	嘢	壄	𧧏
je6	夜	偌	射	廿	卄	亱	廾	䠶	㖡	渃
jeng2	影	映	暎
jeng4	贏	嬴
jeoi1	錐	蕤	桵	甤	嬃
jeoi4	蕤	甤	緌	桵
jeoi5	蕊	蕋	蘂	橤	繠	餒	𣾫	惢	擩
jeoi6	裔	睿	蚋	銳	汭	芮	叡	枘	蜹	蕤	緌	甤	鈉	㵝	焫	綏	蕊	鋭
jeon2	膶
jeon4	瞤
jeon6	潤	閏	撋	瞤	䏰
ji1	伊	依	衣	醫	噫	咿	漪	猗	繄	鷖	黟	椅	禕	銥	㐆	吚	郼	她	欹	翳	医	姨	嫛	褘	𪘲	毉	蛜	𡄵	𣘦	兒	咦	殹	洢	瑿	皚	輢
ji2	椅	倚	綺	扆	旖	踦	齮	錡	偯	几	咦	輢	掎	犄	猗	儿	銥	机	欹	漪	迆	陭
ji3	意	薏	懿	衣	殪	瘞	饐	鐿	鷾	翳	㦤	猗	癔	嫕	嫛	已	瘱	袣	𢢶	𫻚
ji4	誼	兒	儀	夷	姨	宜	怡	疑	移	而	貽	飴	痍	蛇	頤	詒	迤	嶷	彝	沂	匜	圯	胰	輀	扅	椸	洟	迆	洏	眙	簃	胹	訑	貤	迻	台	咦	宧	鮞	栭	眱	耏	袲	皚	荑	鴯	唲	异	彜	栘	詑	鈶	㐌	䝯	婼	杝	桋	羠	謻	酏	鮧	侇	枱	柂	狋	羡	觺	誃	髵	鸃	𦣞	㕒	䱌	児	彛	徯	恞	施	箷	聏	腝	臑	舁	虵	螔	衪	袘	跠	轜	陑	鴺	𥅡	𦓒	𦣝
ji5	洱	以	已	擬	爾	矣	耳	邇	議	苡	迤	㠯	儗	苢	薿	鉺	尔	迆	迩	駬	薾	餌	㕥	佴	刵	尒	拟	珥	覶	覼	誼	佁	崺	陁
ji6	誼	二	易	異	義	肄	貳	弍	劓	勩	樲	食	佴	刵	廙	施	咡	异	珥	鉺	議	泄	移	㓷	义	潩	羛	袘	貤	餌
jik1	鬩	億	憶	抑	益	臆	嗌	肊	謚	檍	膉	澺	繶	艗	醷	鶃	鷁	齸	䐈	䦧	壹	螠	鐿
jik6	亦	役	易	液	疫	翌	翼	腋	奕	弋	掖	譯	逆	繹	翊	驛	射	弈	懌	蜴	埸	嶧	斁	帟	杙	睪	黓	嶷	鷊	圛	艗	馹	鷁	釋	䠶	垼	廙	燚	醳	鶂	鶃	湙	瀷	焬	燡	芅	虉
jim1	奄	淹	閹	醃	腌	崦	厭	懨	剦	懕	俺	㤿	噞	嬮	弇	猒	阽	髯
jim2	掩	奄	揜	弇	罨	黶	魘	厴	檿	靨	渰	厭	媕	广	偃	儼	龑	𥀬	晻	淹	裺	隒	黤	黭
jim3	厭	饜	俺	淹	猒	嚈	媕	嬮	懕	懨	釅
jim4	簷	嚴	嫌	炎	鹽	閻	髯	檐	閆	阽	爓	塩	蚦	蛅	焰	燄	蚺	髥	䉷	圤	衻	儼	呥	噞	壛	櫩	毯	盬	芫	𤒦	𩑺	𩓿	𪚮
jim5	冉	染	儼	苒	琰	剡	冄	扊	广	掞	豏	棪	㚩	䎃	䒣	姌	橪	隒	顩	髯	魘	𢉘
jim6	驗	豔	焰	燄	灩	爓	艷	釅	騐	焱	艶	豓	掞	灧	炎	覃	鹽	剡	噞	毯	琰	艳	譣	髯	𤒦	𧰟
jin1	嫣	焉	煙	燕	胭	菸	咽	烟	蔫	鄢	臙	殷	閼	湮	鴛	嘕	嚥	鷰	𨻳
jin2	衍	毽	偃	演	堰	蝘	鼴	郾	兗	匽	鰋	燕	沇	鼹	隁	鶠	嬿	巘	泫	縯	躽	鞬	𣯄	㕣	兖	愆	戭	晛	涊	睍	硯	鮟	齞	𨻳
jin3	燕	宴	讌	咽	嚥	鷰	醼	唁	堰	嬿	晏	曣	毽	烻	隁
jin4	妍	延	涎	焉	然	研	言	賢	弦	燃	筵	蜒	絃	舷	埏	揅	痃	贒	綖	肰	蚿	嘫	郔	㳄	梴	鉉	睍	趼	鋋	𬥎	㢟	㸐	䇾	唌	姸	挻	撚	狿	甗	碾	筳	羡	羨	臤	莚	𢌛
jin5	衍	巘	甗	兗	晛	演	俔	沇	睍	硯	兖
jin6	諺	唁	彥	現	硯	莧	見	喭	讞	峴	研	晛	掾	蜆	趼	這	俔	睍	骭	彦	涀	覎	这	鉉	鋧	齞	齴
jing1	嬰	應	櫻	英	鷹	鸚	纓	嚶	瑛	瓔	膺	攖	霙	嫈	癭	蘡	媖	譍	应	䧹	柍	滎	瀴	罃	蠅	韺
jing2	影	映	暎	癭	景	熒	穎	瀴
jing3	應	譍	噟	应
jing4	仍	凝	型	嬴	形	營	盈	螢	迎	刑	楹	瀛	熒	蠅	贏	塋	瑩	邢	硎	縈	滎	礽	陘	瀅	鉶	扔	鈃	瀠	籯	陾	侀	籝	艿	娙	嶸	鎣	塍	澠	疑	芿	謍	䁝	濙	濴	瀯	营	蝇	郉	𡢘
jing5	郢
jing6	認	媵	迎	瀅	嫈	𠈪	𡢘
jip3	醃	靨	腌	擪	擫	饁	㩎	䁆	掖	殗
jip6	業	葉	頁	鄴	燁	曄	孽	厭	蘖	爗	糱	糵	靨	饁	孼	枿	櫱	熚	𠉪	偞	僷	叶	嘩	嶪	揲	擖	擪	楪	槷	殜	蠥	邺	鍱	鎳	钀	闑	齾	𠟪	𣖂	𣡌
jit1	囓
jit3	咽	噎	謁	暍	囓	蘖	喝	孽	臲	蠮	齧	䊦	嚙	嚥	孼	挈	枿	櫱	糱	糵	臬	蠍	蠥	鎳	鬩	黠	黦	𡴎	𪖡
jit6	熱	孼	孽	臬	臲	爇	糵	闑	齧	蘖	囓	热	糱	讞	枿	槷	櫱	蠥	鎳	嚙	嵲	嶭	摰	蠮	𣖂	𣡌
jiu1	妖	腰	要	邀	夭	幺	么	吆	喓	徼	葽	祅	吆	㕭	㙘	儌	袄	銪
jiu2	妖	夭	殀	窈	窅	擾	杳	繞	鷂	舀	宎	遶	鳶	鷕	㝔	䆗	䴠	祅	窔	訞
jiu3	要	幼	穾
jiu4	姚	徭	搖	窰	謠	遙	饒	堯	瑤	颻	僥	嬈	蕘	陶	橈	猺	窯	繇	珧	銚	傜	垚	嶢	軺	驍	鰩	洮	蟯	鷂	愮	隃	窑	𢋇	㑾	䍃	䚻	匋	徼	獟	襓
jiu5	擾	繞	舀	遶	嬈	偠	嬲	抭	揄	溔	騕
jiu6	曜	耀	燿	鷂	艞	筄	鷕	𪖐
jo1	唷	喲	育
joek3	約	躍	葯	瘧	趯	喲	瀹	禴	籥	籲	謔	鑰	𧟇
joek6	藥	弱	若	虐	瘧	謔	鑰	籥	躍	瀹	葯	龠	箬	蒻	曰	爚	禴	篛	籲	鄀	礿	汋	婼	櫟	䶳	偌	杓	楉	渃	蘥	鰯	龥	𤅢	𥸤	𧟇
joeng1	央	殃	秧	鴦	泱	鞅	怏	柍	盎	䄃	䱀	咉	坱	姎	禓	鉠	𤤠
joeng2	鞅	怏	映	抉	抰	坱	暎	柍
joeng3	怏
joeng4	羊	揚	攘	楊	洋	陽	佯	瘍	颺	煬	禳	徉	暘	烊	穰	勷	敭	瀼	昜	痒	禓	鍚	蘘	蛘	阳	儴	垟	氜	瑒	餳	䖹	孃	样	湯	獽	蠰	躟	鬤	鸉	𦍕	𧟄
joeng5	仰	癢	養	氧	䍩	卬	蛘	攘	痒	嚷	瀁	氱	佒	坱	壤	奍	瀼
joeng6	恙	樣	漾	讓	釀	嚷	壤	攘	養	羕	瀁	仰	穰	㺊	煬	蠰	䍩	䬬	卬	奍	怏	癢	禳	躟	𧟄
juk1	沃	郁	毓	彧	煜	澳	燠	鋈	旭	昱	勖	勗	隩	頊	薁	喐	噢	墺	奧	栯	熠	𢒰	𦰚
juk2	褥
juk6	慾	欲	浴	玉	肉	育	褥	辱	獄	縟	蓐	溽	鬻	谷	鈺	鵒	峪	鄏	堉	粥	鋊	淯	⺼	儥	錥	鳿	𧶠
jung1	癰	翁	雍	邕	饔	嗡	雝	噰	壅	廱	灉	滃	澭	癕	蓊	蕹	螉	㴩	㻾	䩺	䱵	嗈	臃	鶲	齆	擁	𢋊
jung2	冗	湧	擁	俑	蛹	壅	臃	踴	甬	恿	蓊	涌	宂	慂	踊	惥	氄	滃	佣	茸	塕	臾	雝	鯒	㨣	傭	埇	毧	永	絨	羢	𣭲	𣰇
jung3	雍	甕	㙲	壅	廱	罋	雝
jung4	傭	容	庸	戎	榕	溶	茸	蓉	融	鎔	墉	熔	絨	喁	慵	鏞	鄘	顒	毧	狨	肜	鱅	羢	濃	頌	瑢	茙	螎	䗤	䧡	傛	娀	嵱	瀜	牅	穠	駥	鰅	鰫	鷛
jung5	勇	茸	氄	甬	軵	𣭲
jung6	用	佣	㶲	傛
jyu1	瘀	於	于	淤	紆	迂	竽	扵	菸	亏	吁	扜	杅	玗	芋	衧	邘	陓
jyu2	瘀	嫗	傴	淤	噢	煦	窳	偊	噳	瘦	貐
jyu3	飫	酗	瘀	煦	饇	淤	棜	燠	閼	嫗	雨	䣱	傴	喣	語	醧
jyu4	俞	餘	予	余	儒	如	娛	愚	歟	漁	盂	禺	舁	茹	虞	諛	踰	輿	隅	魚	愉	榆	渝	濡	瑜	腴	臾	萸	覦	孺	嵎	窬	逾	妤	揄	與	襦	雩	于	嚅	璵	毹	畬	薷	蠕	顬	伃	喁	旟	歈	竽	蝓	袽	䱷	庾	洳	牏	轝	隃	鴽	圩	楰	毺	褕	銣	狳	臑	艅	衙	媮	嶼	挐	貙	醹	㦛	与	兪	羭	蝡	謣	邘	邪	齵	㥚	䬔	圉	嵛	帤	懙	拏	杅	欤	湡	玗	瘉	睮	蕍	蕠	譽	釪	鍝	髃	魣	鰅	鸆	鸒	𣄣	𣽉	𨵦	𪇬
jyu5	與	宇	禹	羽	雨	乳	予	汝	語	齬	圄	圉	窳	瑀	瘐	女	庾	敔	与	俁	鋙	麌	㝢	擩	傴	噢	衙	鄅	㺄	偊	嫗	爾	籹	萭	㦛	䢩	䥏	噳	峿	嶼	懙	捂	斞	楀	茹	蘌	貐	醹	餒
jyu6	御	寓	禦	裕	諭	豫	遇	預	喻	愈	譽	馭	與	澦	瘉	癒	籲	語	孺	茹	蕷	雨	洳	峪	籞	庽	銣	龥	俞	礜	藇	鸒	圉	嫗	瑜	禺	逾	雩	㝢	与	兪	喩	嫮	庾	悆	櫲	毹	蕠	𥸤
jyun1	淵	鴛	冤	鳶	眢	寃	蜿	鵷	宛	怨	㾓	囦	櫞	蜎	惌	鼘	㠾	夗	奫	嬽	渊	箢	葾	裷	鼝	𡨘	𢏮	𣶒
jyun2	惋	苑	婉	宛	琬	畹	菀	蜿	阮	院	丸	烷	夗	捥	朊	縣	踠	兖	兗	帵	晼	沇	泫	涴	睕	衏	𢕋	𩌑
jyun3	怨	畹	遠	夗
jyun4	丸	員	元	原	園	圓	懸	沿	源	猿	玄	緣	袁	鉛	完	援	紈	轅	圜	爰	媛	沅	黿	縣	芫	櫞	汍	湲	芄	螈	刓	嫄	猨	堧	洹	炫	蝯	隕	壖	椽	蝝	騵	岏	眩	萑	园	泫	眴	羱	衒	鈆	鳶	𢄙	京	塬	抏	捖	杬	楥	烷	痃	縓	繯	舷	蚿	貟	邍	邧	鉉	魭	㳂	䳒	亰	县	垸	弦	榬	玆	瑗	瓀	盷	絃	蒝	蚖	阮	鶢	鶰	𤠔	𧻚
jyun5	遠	軟	泫	蝡	輭	阮	耎	薳	鉉	蠕	瓀	愞	撋	瑌	碝	原	堧	壖	媆	煗	礝	腝	鞙	𡰫
jyun6	願	愿	縣	院	衒	炫	眩	媛	遠	瑗	援	掾	眴	繯	垸	昡	沿	緣	袨	鉉	懸	泫	琄	衏	褖	𢕋
jyut3	乙	乚	鳦	爇	釔	噦	焫	黦
jyut6	悅	月	穴	越	閱	曰	粵	說	刖	鉞	軏	乙	樾	戉	玥	聿	噦	籰	釔	抈	粤	茓	鳦	鷸	𧑅	䈅	䡇	愈	敓	焫	爇	狘	篗	籆	蚏	跀	軛	軶
kaa1	卡	咔	咖	揢	胩	䶗	佧	哈	喀	拤	擖
kaa2	卡
kaa3	卡	髂	喀	嗀	揢	旮
kaai1	揩	楷	痎	鐦	𢬿
kaai2	楷	鍇	蒈
kaai3	𢬿	揳
kaak1	緙
kaak3	緙	咯	衉
kaam2	冚
kaam5	檻
kaang1	鏮
kaang2	哽
kaang3	掯
kaat1	咭	卡
kaat3	擖
kaau3	靠	銬	搞	鮳	𥬯
kai1	溪	稽	谿	嵇	蹊	鸂	磎	𥝌
kai2	啟	稽	綮	棨	啓	启	䏿	契	唘	啔	𢼄
kai3	契	栔	瘈	蟿	碶	偰	愒	揭	甈	瘛
kai5	揳
kak3	咯	罫
kam1	衾	衿	襟	禁	噤	䘳
kam2	冚	妗	揞	搇	𠖫	𢫏
kam3	妗	禁
kam4	擒	琴	禽	檎	噙	芩	琹	蠄	捦	蚶	靲	黚
kam5	妗
kan2	墾	很	懇
kan4	勤	芹	懃	廑	慬	矜	厪	堇	䈽	斳	瘽
kan5	近
kang1	骾
kang2	骾	哽	鯁
kang3	掯	裉	褃	啃
kap1	笈	吸	給	岌	汲	級	伋	圾	扱	歙	噏	鈒	极	潝	跲	闟	翕	㴔	洽	芨	靸	馺	𧟧	𩰙
kap6	及	芨	扱	鷑	𤜯	𪘁
kat1	咳	欬	咭	卡
kau1	溝	摳	彄	瞘	鳩	鬮	篝	鞲	樛	緱	韝	龜	捄	䰗	勾	摎	朻	泃	簼	芤	褠
kau3	構	購	叩	寇	扣	蔻	釦	敂	鷇	簆	媾	彀	怐	搆	滱	宼	廐	筘	覯	㓂	傋	冓	吼	遘	𦸅
kau4	求	球	裘	逑	毬	虬	仇	璆	艽	虯	賕	厹	俅	絿	觩	銶	鼽	訄	捄	犰	頄	朹	觓	鏐	鬮	叴	尻	巰	㞗	䊵	乣	梂	蛷	醪	頯	鯦	齁	𤞰
kau5	舅	臼	桕	䳎	鬮	灸	𠢎
kau6	桕	舅
ke1	痂
ke2	茄
ke4	茄	騎	瘸	伽	迦
kei1	崎	觭	攲	畸	欹	敧	犄	碕	㩻	倚	剞	徛	踑	陭
kei2	𨀣
kei3	冀	驥	暨	亟	騎	覬	洎	塈	企	懻	曁	跂	兾	墍	臮	蚑	蹞	頍	黖	𢋸
kei4	其	棋	岐	期	祇	祈	祺	耆	麒	奇	旗	祁	蜞	歧	淇	琪	騎	圻	芪	蘄	頎	騏	鰭	琦	碁	跂	旂	棊	錡	俟	萁	鬐	埼	蚑	崎	綦	枝	伎	剞	示	軝	畸	疧	碕	亓	朞	璂	竒	肵	蟣	隑	鯕	鶀	倛	娸	礻	秖	稘	竢	茋	蓍	衹	諆	騹	鬾	鬿	魕	鮨	𦮼
kei5	企	跂	徛	騎
kei6	騎
kek3	劇
kek6	屐	劇	噱	臄	醵	乪
keng4	擎	檠
keoi1	俱	區	拘	軀	駒	驅	嶇	袪	胠	佉	呿	敺	祛	駈	痀	佝	捄	跔	摳	樞	泃	阹	鮈	𣂏	㘗	㪺	䧢	䶚	厶	姁	嫗	抾	萭	魼	鼩
keoi2	蟝
keoi3	呿	佢
keoi4	劬	渠	瞿	衢	蕖	癯	蘧	氍	磲	籧	臞	鴝	鸜	璩	朐	蒟	鐻	痀	絇	蟝	軥	遽	鼩	戵	拘	泃	蠷	蠼	佢	懅	欋	灈	胊	蜍	豦	躣	𨙊	𪆫
keoi5	拒	距	佢	姖	歫	詎	渠	竘	𠍲
kik1	𠽤	揢	棘	𢲈
kik6	劇	屐
kim2	瞼
kim4	箝	鉗	黔	鈐	拑	黚	柑	鉆	鍼	𩬚	坩	姏	扲	岒	擒
kim5	魽	䰼
kin2	㨴
kin4	乾	虔	掮	揵	㓺	䖍	乹	墘	犍	鍵	鰬
king1	傾	頃	矜	矝
king2	頃	廎	䯧	檾	頔	𦯶
king4	瓊	鯨	擎	黥	檠	煢	嬛	勍	惸	琼	剠	璚	睘	敻	擏	㯳	焭	瞏	藑	䲔	凝	殑	矝	𤈺	𪻱
kit3	蠍	孑	揭	詰	契	竭	訐	挈	碣	擷	羯	襭	頡	朅	楬	絜	纈	鍥	黠	劼	㓶	栔	咭	愒	担	拮	犵	蛣	蝎	訖	㓤	佶	偰	吃	孒	嵑	揳	渴
kiu2	蹺	蕎	藠	轎	巧	蹻
kiu3	竅	躈	噭	翹
kiu4	僑	喬	橋	翹	蕎	荍	礄	嶠	趫	撟	蹻	㝯	䀉	䱁	乔	鞽
kiu5	繑	撟	橋	藠	蹺	蹻	皛	荍	蕎
ko1	鈳	磕
ko2	鈳
ko3	鈳
koe4	跔
koek3	卻	却	噱	㕁	臄	醵	𧮫	劇	蹻
koek6	噱	臄	醵
koeng2	蔃
koeng3	強	彊
koeng4	強	强	彊	嵹
koeng5	襁	鏹	強	强	彊	繈	羥	弶	蔃	繦	膙
koeng6	強	强	彊
koi2	嘅	慨
koi3	丐	慨	蓋	概	溉	愾	嘅	鈣	戤	槩	匃	愒	欬	咳	盖	葢	匄	漑	摡	槪	磕
kok1	搉	毃
kok3	涸	確	壑	榷	郝	慤	恪	愨	搉	埆	塙	愙	确	碻	嗃	礐	矐	臛	㲉	沍	砳	𦞦	㕡	傕	嗀	愘	擴	攉	毃	熇	玨	瑴	矍	觳	謞	貜	雒	𢡱	𣙜
kong1	扛	亢	吭	筐	匡	眶
kong2	慷	港	忼	夯	骯
kong3	亢	伉	抗	炕	匟	擴	曠	礦	閌	壙	鑛	鄺	頏	卝	吭	鈧	骯	夯	纊	坑	犺	囥	夼	懭	沆	爌	砊	穬	絖	邟	黋
kong4	狂	誑	鵟
ku1	箍	骷	㗄	圐
kui2	會	檜	潰	獪	繪	膾	儈	劊	薈	憒	聵	賄	鱠	澮	繢	鄶	旝	闠	巜	廥	瞶	䙡	殨	洧	禬	襘	鮪
kui3	鄶	儈	劊	繪	聵	憒	會	潰	瞶	膾	薈	鱠
kuk1	曲	蛐	麯	麴	䒼	旭	朂	頊	勗	勖	壑	粬
kung2	孔
kung4	窮	穹	跫	邛	蛩	筇	藭	銎	芎	穷	笻	嬛	煢	𨉫	匔	卭	竆	輁	𦲄	𧊡
kut3	括	聒	豁	适	䒷	筈	鴰	栝	濊	鍃	髺	鬠	𢬸	𨓈
kyun4	拳	權	顴	鬈	惓	蜷	卷	踡	捲	蠸	齤	婘	巏	𩪼
kyut3	厥	缺	訣	闕	決	獗	抉	玦	蕨	觖	闋	蹶	鴂	决	孓	撅	橛	譎	劂	鐍	噘	瘚	觼	亅	趹	駃	鱖	鴃	鵙	橜	蟨	嶡	潏	炔	蹷	鐝	㵐	夬	璚	䳏	孑	欮	泬	湨	狊	矞	砄	郹	钁	鷢	𠜾	𠢤	𡙇
kyut6	橛
kwaa1	誇	夸	姱	侉	垮	跨	刳	詿	胯	咵	撾	檛	袴	銙
kwaa2	侉	咵	褂	剮	垮	骻	揢	搲	袴
kwaa3	跨	胯	踝	骻	髁	咵	挎	掛	袴	輠	髂	挂	褂	銙
kwaai3	嘳
kwaai4	咼	㥟
kwaai5	擓
kwaak1	𡃈
kwaak3	𡃈
kwaang1	眶	框	筐	䆲
kwaang2	梗	莖
kwaang3	逛	迋
kwai1	虧	規	窺	盔	巋	槻	槼	闚	睽	奎	溈	媯	恚	摫	暌	跬	蹞	頃	鬹	䦱	䲅	亏	刲	嫢	嬀	嶲	巂	潙	瞡	隳
kwai2	跬	蹞	頍	傀	跪	闚
kwai3	愧	媿	騩	䠑	觖
kwai4	畦	葵	攜	暌	逵	馗	戣	觿	揆	携	擕	睽	蠵	頯	騤	酅	鑴	䕫	夔	眭	頄	巂	聧	隗	㩗	㩦	奊	欈	烓	犪	虁	雟	𡖂	𢹂	𩽨
kwai5	揆	愧	睽	暌	跬	蹶	媿
kwan1	坤	堃	昆	囷	崑	髡	焜	琨	錕	髠	鯤	鵾	崐	麕	珅	醌	巛	晜	猑	碅	箘	菎	騉	鶤	𧥺
kwan2	菌	悃	捆	綑	閫	壼	捃	梱	鯀	囷	攟	攈	稛	緄	衮	袞	滾	麇	丨	稇	莙	裉	鮌	㥵	壷	掍	箘	蔉	輥	麏	齫	𢹲	𦓾	𪊽	𮏄
kwan3	困	窘	睏	僒	捃	攗	攟	箘	箟	莙	𢹲
kwan4	羣	裙	群	帬	裠	麇	宭	麕	莙	麏
kwan5	菌	蕈
kwang1	框	眶	筐
kwang3	纊
kwat3	𠯑
kwei1	盔	窺	虧	規	闚
kwei3	媿	愧
kwei4	逵	携	暌	畦	睽	葵	觿
kwik1	隙	虢	馘	㶁	䱛	郄	郤	闃	隟
kwing1	扃
kwok3	廓	擴	彍	鞟	鞹	椁	槨	郭	崞	壙	彉	櫎	漷	蠼
kwong2	獷	誆	誑	鑛
kwong3	曠	鄺	礦	纊	鑛	壙	擴	獷	况	絖	況	丱	卝	夼	懭	桄	爌	磺	穬	誑	黋
kwong4	狂	誑	呈	鵟
kwu1	箍	枯
kwui2	繪	賄	會	檜	潰	儈	劊	憒	旝	澮	燴	獪	癐	瞶	繢	聵	膾	薈	鄶	闠	巜	蒍	鱠	𢶒	䜋	傀	廥	洧	瘣	肴	襘	鮪	鱖
kwui3	獪	繪	膾	儈	戤	會	檜	澮	薈
kwut3	括	豁	栝	适	鴰	佸	聒	活	濊	蛞	筈	䀨	桰	舌	䒷	恬	葀	髺	𧯆
laa1	喇	拉	啦	嘞	剌	㖸	啰	囉	垃	摺	旯	砬	磖	鞡	𤰚
laa2	揦	拉	喇	啦	搚
laa3	罅	喇	嘞	鏬	㙤	了	嘑	嚹	揦	𨻲
laa4	啦
laa5	喇	揦
laai1	拉	孻	搚	錸	鞡
laai2	舐	𦧺
laai3	癩
laai4	顂
laai5	𣧂
laai6	籟	賴	瀨	酹	落	藾	勑	懶	拉	攋	頼
laak3	嘞	胳	𨊛
laak6	肋	砳	勒	叻	竻
laam2	欖	攬	㩜
laam3	擥	檻	覽	𨅏
laam4	婪	嵐	籃	藍	襤	惏	厱	啉	嚂	淋	礛	𨬒
laam5	覽	攬	欖	擥	罱	爦	㩜	杬	檻	漤	灠	籃
laam6	檻	濫	艦	纜	轞	嚂	䌫	漤	灠	爁	覽
laan1	欄	躝
laan4	攔	欄	瀾	蘭	闌	斕	讕	襴	鑭	䪍	籣	韊	幱	灡
laan5	懶	嬾	孏
laan6	爛	瀾	糷	鑭	欄
laang1	冷	䆡
laang4	唥
laang5	冷	迒
laang6	唥
laap3	擸	躐	䁽	拉
laap6	臘	蠟	垃	立	鑞	腊	拉	擸	臈	邋	蜡	摺	砬	磖	翋	鱲	𨭛	𩶘
laat3	鬎	瘌	喇	烙
laat6	辣	剌	辢	瘌	鬎	邋	列	拉	蝲	迾	鯻	仂
laau1	撈
laau2	繚
laau4	撈
lai2	㦒	戾
lai4	黎	藜	黧	犂	犁	嚟	來	蔾	蠡	鯬	剺	梨	梸	棃	菞	邌
lai5	禮	醴	蠡	澧	劙	鱧	礼	豊	攭	邐
lai6	麗	例	儷	勵	厲	癘	礪	糲	荔	蠣	捩	沴	茘	栵	隸	攦	濿	㾐	欐	𧢝	丽	唳	盭	砅	䊪	䚕	䬅	冽	悷	戾	栛	棙	烈	犡	珕	矋	蠇	迣	迾	酈
lak1	肋
lak3	竻	肋
lak6	勒	泐	肋	仂	鰳	叻	扐	簕	阞	玏	艻	屴	朸
lam1	冧
lam3	冧
lam4	林	臨	霖	淋	琳	痳	啉	惏	菻	晽	痲
lam5	凜	廩	懍	稟	壈	檁	禀	凛	廪	㐭	懔	檩	澟
lam6	㨆	槮	罧	𡹇
lan2	𨶙
lang1	舲	㘄	棱
lang3	唥	棱
lang5	冷
lap1	笠	苙	粒	㕸	鷑
lap6	立	竔	垃	㕸	搚	臘	苙	蜡	蠟	鱲	鴗
lat1	甩	甪
lat6	仂	率	繂
lau1	摟	蔞	褸	蒟	瞜	㺏	嘍	嬲	荖	褛	遛	騮	𤠑
lau2	㺏	摟	瘤	荖
lau3	嘍	廇	溜
lau4	劉	榴	樓	流	琉	留	硫	僂	瀏	螻	嘍	婁	摟	瘤	騮	遛	旒	瑠	髏	窶	鎏	蔞	鏐	飀	鶹	廔	畱	鎦	䝏	慺	簍	漊	耬	飂	刘	寠	懰	漻	犂	鞻	䬟	塿	嶁	瘺	翏	膢	艛	餾	駠	𨻧	㽞	䱾	剅	娄	摎	撈	斿	旈	棃	溜	熘	犁	瑬	璢	畄	疁	癅	縷	蟉	褸	謱	蹓	遱	鐂	鰡	𠞭	𤥗	𤱊	𧢃	𩤷	𪕋
lau5	柳	綹	摟	嶁	簍	罶	塿	縷	栁	茆	褸	婁	桺	漊	瀏	蔞	鋶	𦊑	𪕋
lau6	漏	陋	溜	鏤	霤	餾	瘻	熘	遛	廇	留	僂	瘺	露	㔷	瘤	蹓	鷚	屚	畄	畱	翏	鎦	鐂	𨹟
le1	哩	咧
le2	咧
le3	咧
le4	咧	褦	邐
le5	褦
lei1	喱	鬁	璃	瓈	哩	里
lei2	洱
lei4	離	璃	籬	罹	漓	釐	梨	狸	驪	厘	貍	鸝	縭	嫠	犛	褵	醨	鱺	漦	瓈	蘺	梩	棃	氂	蜊	麗	离	魑	灕	剺	劙	摛	纚	䍦	䙰	孋	篱	酈	喱	嚟	婺	樆	螭	蠡	㒿	䔧	丽	彲	斄	杝	猁	琍	薶	藜	邐	鵹	𠌯	𡟋
lei5	娌	履	李	理	里	鯉	俚	裏	𢃇	哩	浬	裡	邐	鋰	悝	梩	離	峛	狸	𨓦
lei6	利	吏	痢	莉	俐	蒞	詈	涖	莅	猁	蜊	脷	鬁	離	㦒	唎	浰	𥝢
lek1	叻
lek3	癧
lek6	癧	壢	瀝
lem2	舔
leng1	僆	愣	笭
leng3	靚	靘
leng4	靈	鯪	灵	零	霛	𩆜
leng5	領	嶺
leng6	𪽏
leoi1	𧒽	蕾	𨀤
leoi2	𥵉
leoi4	擂	雷	纍	羸	閭	累	縲	櫚	嫘	罍	鐳	驢	虆	騾	瘰	蕾	櫑	鏤	壘	攂	檑	欙	藘	㶟	㹎	慮	慺	樏	瘻	靁	馿	㗊	䕡	儽	氀	畾	礌	膢	蔂	藟	轠	驘	𢺢
leoi5	侶	呂	壘	屢	旅	磊	膂	儡	累	縷	裏	褸	蕾	鋁	藟	裡	梠	漯	癗	絫	郘	履	僂	窶	儢	纍	㶟	屨	嶁	攂	灅	穭	蘽	鑢	類	餒	㵽	儽	婁	寠	屡	樏	櫐	櫑	櫚	漊	磥	礌	礧	礨	祣	稆	蠝	謱	鑥	鸓
leoi6	唳	累	戾	慮	淚	類	濾	彙	礌	纇	泪	盭	耒	擂	誄	鑢	沴	礧	𧭜	勴	捩	棙	纍	鋁	雷	𩔗	䓞	婁	攂	昫	樏	禷	类	蘱	褸	酹	𩔫
leon1	噒	㖥	論
leon2	卵	藺
leon4	論	倫	崙	淪	綸	輪	鱗	麟	掄	燐	磷	鄰	嶙	轔	侖	遴	圇	粼	璘	瞵	崘	粦	隣	麐	疄	潾	驎	𫐮	䑳	僯	蜦	埨	惀	膦	菕	鏻	鯩	𪊲
leon5	卵	丱	躪
leon6	吝	論	藺	躪	紊	恡	悋	磷	遴	㖥	閵	㖁	憐	橉	甐	膦	蹸	轔	轥
leot2	栗	率
leot6	聿	栗	律	鷸	慄	率	壘	溧	篥	凓	遹	瑮	嵂	矞	繂	潏	繘	膟	葎	霱	驈	鴥	傈	㮚	䫻	噊	獝	硉	訥	鷅	麜	𤝽
leu1	寥
li1	哩	唎
lik1	靂	櫪	瀝	礫	櫟	轢	爍	躒	嚦	皪	瓅	癧	鑠	叻	濼	藶	衋	𤃉
lik3	癧	鬲
lik6	歷	力	曆	瀝	酈	厤	癧	鬲	靂	嚦	秝	藶	叻	磿	鎘	屴	漻	𠪾	𨊛	㽁	㿨	仂	壢	朸	歴	皪	礫	礰	轣
lim1	斂
lim2	帘
lim3	輦
lim4	奩	廉	簾	鐮	帘	濂	匳	鎌	鬑	匲	臁	蠊	籨	磏	蘝	蘞	𢅏	𥖝	𦆆	䥥	㡘	㢘	亷	溓	籢	膁	螊	髯
lim5	臉	殮	斂	歛	蘝	輦	瀲	薟	蘞	襝	㶑	溓	舚
lim6	斂	瀲	襝	殮	溓	輦	㱨	㶑	歛	澰	薟	蘞
lin2	鏈	摙	臠	鍊
lin4	憐	蓮	連	漣	鰱	璉	褳	嗹	怜	鏈	零	槤	謰
lin5	攆	輦	璉	摙	僆
lin6	鍊	煉	練	楝	鏈	湅	僆	欄	戀	浰	璉	鰊
ling1	拎	令	笭
ling4	伶	玲	聆	苓	菱	鈴	陵	零	靈	齡	囹	楞	櫺	綾	翎	凌	羚	蛉	瓴	稜	鯪	鴒	令	崚	棱	泠	淩	舲	薐	酃	詅	醽	霛	霝	軨	輘	灵	怜	笭	拎	欞	蔆	麢	䡼	堎	塄	夌	愣	蘦	〇	㥄	㱥	䔖	呤	岭	柃	狑	碐	祾	竛	𠱠	𧕅	𩆜
ling5	嶺	領
ling6	另	令	愣	睖	詅	呤	楞	睃
lip1	𨋢
lip6	獵	鬣	躐	擸	鱲	巤	邋	㯿	鬛	𩮻
lit3	纈	裂	戾	捩	咧
lit6	列	烈	冽	裂	洌	捩	茢	咧	栵	趔	鴷	迾	鮤	戾	棙	綟	蛚	迣	颲	𠛱	𡿪
liu1	撩	撂	鷯	六	溜	寥	熘	𩯊
liu2	了	潦	撩	燎
liu3	療
liu4	撩	燎	僚	寥	寮	聊	遼	嘹	療	鐐	潦	瞭	繚	獠	鷯	嫽	憭	膋	豂	漻	佬	憀	暸	繆	嵺	敹	料	橑	瘳	簝	翏	蹘	蹽	飂	飉	𦫼	㞠	尞	屪	嶛	澇	蟟	髎
liu5	了	瞭	蓼	憭	釕	繚	繆	嬲	燎	鄝	鷯	僚	潦	蔦	釔
liu6	料	廖	燎	尥	翏	嘹	撩	敹	炓	釕	撂	療	𪖷
lo1	囉	咯	旯	囖	籮	棵
lo2	裸	蓏	蠃	瘰	臝	倮	攞	躶	砢	婐	卵	㒩	嬴	攭	累	蜾	踝	顆
lo3	囉	咯	𤓓	摞	啰	邏
lo4	籮	羅	螺	鑼	蘿	騾	囉	邏	覼	蠃	欏	覶	儸	腡	驘	玀	氌	饠	𤄷	㼈	罗	䯞	蔂	𣎆
lo5	卵	丱
lo6	邏	漯
loe1	𦧲
loe2	𦧲	𢶤
loek1	撂
loek6	掠	略	畧	剠	撂	㗉	擽	𠼟
loeng2	兩	両	啢	倆	魎	两	輛
loeng3	兩
loeng4	梁	樑	粱	糧	良	量	涼	粮	莨	踉	輬	凉	俍	椋	墚	筤	蜋	諒	輛
loeng5	兩	倆	裲	魎	蜽	緉	啢	輛	两	䓣	両	㒳
loeng6	亮	諒	量	喨	輛	倞	兩	踉	凉	哴	悢	晾	㒳	両	两	啢	涼	魎
loi4	來	萊	徠	崍	淶	錸	郲	騋	倈	鯠	棶	𢯦	䅘	漦	来	猍	鶆
loi6	耒	誄	賚	徠	睞	來	勑	倈	来	誺	𧶛
lok1	落
lok2	絡
lok3	絡	洛	烙	駱	咯	珞	酪	犖	雒	恪	鉻	貉	骼	躒	餎	愙	旯	漯	胳	衉	錴	𠗂	𩊚
lok6	樂	落	濼	乐	硌	咯	橐	犖	礫	躒
long1	啷
long2	𠺘
long3	𢲲
long4	廊	榔	狼	郎	浪	螂	琅	瑯	稂	鋃	蜋	嫏	莨	踉	筤	桹	閬	硠	㢃	哴	烺	鎯
long5	朗	烺	浪	㙟	閬	筤	㮾	塱	崀	㓪	悢	樃	蓢	𦬣
long6	晾	浪	埌	閬	莨	蒗	襠	㝗	㫰	䍚	烺	𧚅
lou1	撈	嚕	黸	𢲸
lou2	佬	蟧
lou4	勞	爐	牢	癆	盧	蘆	顱	鱸	轤	廬	醪	鸕	嘮	瀘	臚	艫	鑪	壚	纑	罏	驢	櫨	撈	玈	矑	潦	炉	蟧	嶗	澇	籚	㗦	哰	嚧	耮	鐒	僗	劳	嘐	嫪	庐	浶	簩	芦	謱	鈩	馿	𠫂
lou5	擄	潦	老	虜	魯	鹵	櫓	滷	姥	艣	獠	栳	艪	銠	㯭	氌	狫	鑥	嚕	佬	澇	䇭	荖	轑	䕩	樐	橑	磠	𢲸	僚	擼	牢	鐪	擄	虜	𤣃
lou6	賂	路	露	鷺	璐	勞	潞	輅	澇	酪	嫪	潦	簬	簵	憦	𤢊	佬	劳	犒	蕗
lu1	氀	銣
luk1	碌	轆	麓	簏	睩	摝	磟	轂	椂	漉	甪	軗	鏕
luk2	鹿
luk3	鹿
luk6	綠	錄	陸	鹿	六	僇	戮	祿	籙	蓼	漉	勠	氯	淥	菉	醁	彔	甪	逯	騄	稑	角	摝	谷	濼	琭	穋	㟤	䍡	䘵	䱚	慮	熝	盝	睩	㼾	䩮	剹	坴	娽	戳	碌	箓	簏	簶	觻	踛	錴	鯥
lung1	窿	吼	攏	癃
lung2	籠
lung4	嚨	瓏	籠	隆	龍	聾	朧	櫳	癃	礱	窿	蘢	曨	瀧	矓	襱	攏	尨	礲	龐	䃧	䏊	䪊	巃	湰	蠪	鑨	𤸇	𧙥
lung5	壟	隴	槓	攏	壠	儱	籠	礱	篢	龍	龐
lung6	弄	衖	哢	㟖	挵
lyun1	攣	孿	臠	挛	欒	灤
lyun2	戀	孌	臠	孿	卵	恋
lyun3	孌	恋	戀	臠	攣
lyun4	聯	鸞	巒	鑾	圝	圞	孿	欒	灤	攣	峦	孪
lyun5	孌	戀	臠	恋	娈
lyun6	亂	乱	戀	糺	𤔔
lyut3	劣	捋	埒	酹	鋝	哷	戾	寽	爇	埓	攞	脟
lyut6	酹	埒	捋
naa1	那	𤸻	𠸎	𤶸	南	哪	𪐀
naa2	乸
naa3	呐	那
naa4	拿	拏	哪	嗱	娜	挐	詉	鎿	㧱	南
naa5	那	哪	儺	挪	𨙻	𨚗
naa6	哪	那	𤸻	嗱
naai1	奶
naai2	奶
naai3	𠮨
naai5	乃	奶	嬭	迺	鼐	廼	釢	氖	艿	妳	㜷	倷	苨	𠄎
naai6	褦	鼐	柰	泥
naam3	𨂾	揇
naam4	南	喃	男	楠	囡	柟	蝻	枏	蚺	蚦	諵	囝
naam5	腩	揇	淰	罱	𦊔
naam6	腩
naan2	赧	戁
naan3	𧕴	𢺋
naan4	難	𪄿	难
naan5	赧	戁	熯	𧹞
naan6	難	𪄿	难
naap3	衲
naap6	納	衲	內	鈉	吶	訥	軜	呐	妠	蒳	魶
naat3	鈉	捺	焫
naat6	捺	豽
naau1	孬	怒	撓
naau2	獶
naau4	撓	錨	鐃	呶	橈	硇	峱	怓	譊	猱	獿	夒	巎	蟯	詉	嶩	挐	獶	磠	𥒚	𥓁
naau5	撓	橈	臑
naau6	鬧	淖	耨	閙	橈	撓	縟	臑	𨳪
nai4	泥	坭	尼	臡	呢	妮	抳	鈮
nai6	泥
nak1	𪙛
nam1	冧	稔
nam2	諗	惗	稔
nam4	煁	腍	淰	煵
nam5	稔	腍	淰
nam6	淰	諗	𦛚
nan2	撚	涊	捻
nan3	撚
nang3	褦
nang4	能	耐	坉	而
nap1	凹	粒	𢈈
nap6	𣲷	湆	𥹉
nat1	嫐
nat6	吶	訥	肭	㕯
nau1	嬲	怒
nau2	朽	扭	鈕	紐	狃	妞	忸	杻	揉	糅	蹂	輮	㱙	泑	煣	黝
nau3	糅
nau4	㝹
nau5	獶
nau6	耨	鎒	糅	㝅	槈	腬	⺼	檽	獳	縟	肉	𤙖
ne1	呢	呐
ne6	乜
nei1	匿	呢	彌
nei2	洱
nei4	彌	尼	瀰	妮	怩	呢	獼	禰	弥	柅	伲	䉲	冞	獮	祢	秜	襧	鈮
nei5	你	您	旎	禰	尼	妳	尔	鈮	伱	柅	檷	汝	洱	狔	苨	濔	瀰	祢
nei6	膩	餌	泥	珥	洱	鈮	刵	咡	衈	弭	佴	劓	毦	眲	鉺
neoi2	女
neoi5	女	餒	釹	籹	腇	餧
neoi6	女	呐
neot6	訥	吶	肭
ni1	呢	匿	𨉖
nik1	匿	暱	搦	昵	慝	尼	衵	惄	鬩	溺	疒	䀌	恧	柅	𪙛	䁥	䘌	䦧	嫟	掿	摘	擿	眤	𧏾
nik6	溺	惄	疒	搦	匿	愵	慝
nim1	拈	捻	稔	黏	棯	鮎
nim2	捻	撚
nim3	蹨	捻
nim4	黏	粘	鮎	鯰	溓	拈
nim5	稔
nim6	念	唸	埝	廿	棯	卄	廾	捻	驗	𥮘
nin1	𢆡	脌
nin2	撚	拈	捻	跈	輾
nin4	年	秊	𥝝
nin5	碾	涊	輾
nin6	㮌	棯
ning1	擰	拎
ning4	寧	獰	嚀	檸	甯	寕	寗	擰	鬡	𡩋	儜	寍	濘	聹	薴	鸋	𡨴	𤢆
ning5	濘
ning6	佞	濘	擰	甯	寕	寍	寗	寧	𡨴	𡩋
nip1	鎳	𠱃
nip3	湼	臬	苶	躡	鎳	鑷	捏	涅	籋	聶	囁	捻	揑	薾	陧	隉	顳	𦘒	㘿	圼	攝	闑
nip6	聶	捻	躡	鑷	捏	涅	顳	苶	揑	湼	籋	鎳	攝	陧	隉	囡	孽	敜	臬	錜	䯀	嚙	囁	囓	掜	蘖	踙	齧	𣎴
nit6	孽	臬	蘖	隉	鬩
niu1	㭂	嫋	裊	𩯊
niu2	嫋	嬝	裊	褭
niu5	鳥	蔦	裊	嫋	嬝	褭	嬲	窵	鷕	釕	㒟
niu6	尿	溺	脲
no1	那
no2	哪
no4	挪	那	儺	挼	娜	捼	哪	難	㛂	撋	梛
no5	娜	那	儺
no6	懦	糯	稬	那	愞	穤	喏	懧	耎	哪	臑
noeng4	娘	孃
noi5	餒	餧	鮾
noi6	內	奈	耐	柰	氝	褦	枘	能	佴	倷	耏	萘	㖠
nok6	諾	搦	鐸	喏	鍩	掿
nong2	曩
nong4	囊	瓤	囔	饢
nong5	曩	攮
nong6	齉	襠	浪
nou4	奴	孥	駑	帑	呶	笯	猱	獿	㚢	夒	砮
nou5	努	瑙	腦	弩	惱	砮	碯	駑	𠜶	㛴	匘	堖	憹	櫓	胬
nou6	怒	惱	臑
nuk1	恧	忸	朒	衄	䶊	衂	勖	裻
nuk6	衄	恧	朒	䶊	忸	衂	傉	肭	𧿔
nung1	燶	𪒬
nung4	濃	膿	農	儂	穠	噥	醲	襛	辳	憹	齈	㺜	譨
nyun5	暖	煖	煗	餪	㬉	渜	黁	囡	媛
nyun6	嫩	媆	嫰
paa1	趴	扒	葩	跁
paa3	怕	帕	帊	袙
paa4	杷	爬	琶	扒	耙	鈀	筢	潖	掱	划	把	跁
paa5	帕
paai1	襬
paai3	派	湃	憊	哌	稗	蒎	𢢑	扒	韛	𠂢
paai4	排	牌	俳	簰	篺	徘	箄	棑	𥱼	輫
paai5	憊	秕	稗	粃
paak1	啪	帕	拍	珀	魄	柏	栢	粕	胉	舶
paak3	柏	魄	拍	珀	帕	粕	栢	檗	霸	泊	舶	蘗	蘖	覇	䞟	伯	幞	汃	襆
paan1	扳	攀
paan3	盼	襻	袢	鋬
paang1	烹	亨	澎	抨	𨭌	亯	匉	恲	梈	泙	漰	砰	軯
paang2	棒	棓
paang3	甏
paang4	彭	棚	膨	澎	鵬	蟛	硼	搒	朋	甏	嘭	庄	螃	凭	凴	憑	淜	祊	綳	蟚	輣	騯	𥛱
paang5	棒	棓	稖
paang6	甏
paat6	坺
paau1	拋	泡	脬	咆	抛	穮	颮
paau2	跑	剖	瓿
paau3	炮	泡	豹	砲	趵	礮	皰	疱	奅	爆	礟	䶌	踣	鑤	靤	𣶐
paau4	刨	庖	匏	咆	鉋	麅	炮	炰	鑤	鞄	瓟	麃	䶌	狍	皰	缹	胞	跑	颮
paau5	刨	掊	骲
pai1	批	砒	𠜱	㓟	摠	紕	鎞	悂	磇	秛	錍	𢱧
pai5	睥	埤	睤
pai6	梐
pan1	噴	扳	歕
pan3	噴	歕	濆	坌
pan4	嬪	蘋	貧	頻	瀕	顰	嚬	矉	蠙	獱	玭	儐	薲
pan5	牝	臏
pang1	漰	烹	怦	抨	閛
pang3	堋
pang4	憑	朋	馮	凴	硼	凭	堋	鬅	鵬	弸	淜
pat1	疋	匹	鴄	銖	苉	襒	𢳂
pau2	剖	瓿	掊	培	棓	踣	蔀
pau3	婄	泡
pau4	裒	抔	掊	垺	襃
pe1	啤	𠵿
pe5	䠋
pei1	丕	披	砒	紕	呸	狉	被	帔	狓	伾	邳	駓	磇	不	仳	咅	秠	苤	鈹	髬	㔻	䯱	悂	批	摠	痞	翍	鈚	鎞	阫	魾	𢻹	𧧺
pei2	鄙	否	痞	仳	嚭	圮	啚	庀	苤	丕	吡	噽	比	皮	秠	紕	𨝣
pei3	屁	譬	嬖	媲	帔	濞	辟	淠	披	紕	鈹	潎
pei4	皮	枇	琵	疲	脾	裨	貔	比	毗	鼙	罷	毘	蚍	陴	埤	紕	郫	鈹	膍	邳	詖	仳	鞞	椑	粃	鈚	陂	㮰	𣬉	蜱	鮍	䥯	俾	稗	笓	芘	螷	阰	魮	魾	𦨭
pei5	婢	被	庳	埤	睥	脾
pei6	濞	帔
pek3	劈	擘
pek6	擗
peng1	𩩍
peng4	平	瓶	便
pik1	辟	僻	癖	闢	霹	劈	擗	澼	甓	副	襞	躃	釽	䤨	薜	躄	鸊	噼	椑	薛	鷿
pik6	擗
pin1	蝙	篇	扁	編	翩	偏	蹁	萹	煸	犏	艑	媥	徧	楄	甂	褊	諞
pin2	片	諞	匾	惼	扁	蝙
pin3	片	騙	徧	遍	騗	偏	窆
pin4	便	駢	胼	楩	諞	蹁	軿	緶	褊	跰	骿	㛹	平	楄
pin5	諞
ping1	拼	抨	娉	俜	姘	乒	怦	砰	伻	甹	淜	栟	閛	併	匉	并	泙	胼	頩	𥪁
ping2	拼	迸
ping3	併	拼	聘	騁	娉	拚	俜	并	迸
ping4	平	瓶	萍	評	屏	駢	枰	苹	蘋	坪	抨	帡	洴	胼	軿	伻	缾	怦	砰	幈	郱	鮃	姘	屛	并	秤	荓	蓱	骿	䶄	帲	幷	竮	蠙	鉼	閛
ping6	平	聘	騁
pit3	撇	瞥	丿	嫳	憋	氕	潎	癟	蹩	㧙	䠥	䥕	徶	撆	覕
piu1	飄	漂	螵	縹	摽	嘌	飃	嫖	彯	票	㯱	僄	薸	剽	膘	驃
piu2	瞟	𢶑	漂	皫
piu3	票	漂	驃	剽	僄	摽	嘌	嫖	篻
piu4	嫖	瓢	薸	朴	剽	闝	飄
piu5	殍	莩	縹	鰾	摽	瞟	剽	漂	慓	標	皫	顠
po1	頗	棵	陂	樖	坡	岥	朴	皤
po2	頗	叵	笸	尀	跛	鉕	倮	駊
po3	破	簸
po4	婆	鄱	皤	繁	番	㜑	菩
poek3	劈
pok1	泡	𦢊	朴
pok3	撲	朴	樸	璞	扑	粕	醭	攴	蹼	墣	噗	䨣	剝	攵	釙	鏷	鞄	魄	圤	猼	蒪	趵	踅	颮	髆	𨆯
pong1	乓	滂	耪
pong2	嗙	謗
pong3	謗	搒	榜	嗙	肨	艕
pong4	傍	旁	滂	膀	龐	徬	彷	磅	螃	尨	逄	雱	霶	厖	龎	哤	庬	房	彭	㫄	鰟	䨦	仿	搒	汸	篣	蒡	鎊	駹
pong5	蚌	耪	蜯	謗
pou1	鋪	痡	舖	埔	哺	晡	潽	逋	餔	鯆	𩹲
pou2	脯	普	浦	譜	甫	圃	溥	鐠	氆	埔	䲕	舖	諩	鋪
pou3	舖	鋪	甫	堡	痡
pou4	菩	葡	蒲	袍	匍	莆	蒱	酺	浮	晡	逋	䈻	扶	瓿	脯	苻	謈	餔	𥮉
pou5	抱	泡	袌
pui1	胚	坏	坯	醅	肧	啡	衃	㾦	柸
pui3	佩	沛	配	霈	珮	旆	琲	邶	茷	帔	斾	浿	背	㫲	䰽	偝	妃	巿	昢	淠	焙	筏	茇	𫑜
pui4	培	徘	賠	陪	裴	坏	俳	蓓	醅	毰	菩	裵	錇	坯	輫	阫	𨛬
pui5	倍	蓓	痱	碚	棓	琲
puk1	仆	踣	扑	撲
pun1	潘	番	拌
pun2	拚	拌	拼	𢬵
pun3	判	泮	拌	拚	頖	胖	絆	沜	𢬵	牉	畔	拼
pun4	盆	盤	槃	磐	胖	蟠	磻	鞶	般	湓	蹣	弁	柈	縏	𨃞	媻	瘢	繁	𨃟	䰉	幋	拌	洀	瓮	螌	𡎛
pun5	伴
pung1	塳	埄	埲
pung2	捧
pung3	碰	掽	踫	椪	𥕱
pung4	篷	蓬	芃	逢	髼
put3	潑	醱	撥	鏺	㧊	巿	鈸	𣎵
saa1	卅	沙	紗	裟	痧	砂	鯊	莎	桬	倽	啥	魦	仨	挱	䤬	唦	挲	鈔	鎩	髿
saa2	灑	耍	洒	傻	啥	儍	趿	倽	𠍽
saa3	嗄	沙
saa6	卅
saai1	嘥	𢳜	㩄
saai2	徙	屣	璽	葸	舐	蓰	枲	蹝	纚	躧	縰	諰	釃	鰓	䚕	壐	崽	矖	葈	褷	襹	鉩	𡊒
saai3	曬	晒	殺	鎩	嘥	舐	㬠	澌	𣏂
saai5	舐	舓	𦧧
saai6	晒	曬	殺
saak1	索
saak3	索	愬	摵	梀	槭
saam1	三	衫	叁	芟	毿	彡	杉	參	釤	仨	摻	穇	弎	糁	糝	縿	蔪	参	幓	毵	簪	舢	鬖	𫃰
saam2	糝	糂
saam3	三	釤	摻	參	摲	糂
saan1	山	珊	閂	刪	跚	姍	舢	拴	栓	潸	柵	澘	芟	删	姗	𣟴	埏	𢩠	挻	杣	栅	羴	羶	膻	蔪	鯅
saan2	散	饊	潸	糤	桚	𢿨	㪔	㪚	粣	鏾
saan3	傘	散	汕	訕	疝	篡	繖	涮	孿	姍	柵	簒	鏾	𢿨	㪔	㪚	冊	舢	赸	𠌂	𠕋
saan4	孱	潺	僝	漦
saang1	生	甥	牲	笙	鼪	甡	胜
saang2	省	眚	㨘	渻	磢
saang3	上
saang4	仩
saap3	澀	霎	颯	圾	靸	𢶍	翣	歃	箑	唼	趿	霅	啑	濇	熠	鈒	噆	烚	眨	㰱	䬃	匝	喢	扱	歰	澁	萐	譅	鎝	馺	𠯗
saap6	炠	煠	熠	𤆣
saat3	殺	撒	煞	薩	刷	剎	鎩	摋	刹	潵	脎	閷	𣏂	㬠	樧	蔱	軋
saau1	梢	筲	艄	蛸	鞘	捎	弰	䈰	旓	𥳓	髾	䈾	哨	搜	溲	滫	艘	颼	餿	𩬏
saau2	稍	搜	削	䏂	叟	溲	蒐	藪	謏	𨛍
saau3	哨	滫	嘯	潲	睄	捎	歗	稍
sai1	犀	西	篩	嘶	樨	茜	撕	硒	粞	恓	氥	荽	鍶	屖	棲	澌	舾
sai2	洗	駛	使	枲	洒	婿	纚	壻	灑	璽	縰	葸	躧
sai3	世	勢	細	婿	壻	貰	聓	埶	卋	𦕓	势	𠦔
sai4	噬
sai5	噬	泚
sai6	誓	噬	筮	逝	澨	簭	𣖧	泚	遰
sak1	塞	㥶	噻	息	揌	㩙
sam1	參	心	森	深	琛	芯	郴	葠	蓡	参	叅	槮	綝	罙	薓	鰺	㴱	忄	椮	滲	罧	襂	襳	諶	賝	踸
sam2	嬸	審	沈	瀋	諗	伈	讅	糝	瞫	沁	淰	邥	宷	掺	摻	硶	磣	糁	糂	蕈	𩁺
sam3	滲	沁	瘮	鴆	伈	潘	葚	蘸
sam4	岑	忱	涔	諶	煁	芩	葚	愖	𩷒	梣	酖	鴆	甚	訦	𢗐	𪁏
sam5	渗	酖	鴆
sam6	甚	葚	椹	什	鴆	酖	黮
san1	伸	呻	新	申	紳	薪	身	辛	莘	娠	燊	甡	詵	鋅	駪	侁	神	氠	砷	信	籸	珅	騂	姺	柛	兟	屾	擤	鉮	𦥔
san2	腎
san3	呻	囟	娠	腎
san4	神	晨	臣	辰	宸	桭	鉮	鷐
san5	腎	蜃	脤	儍	肫	桭
san6	慎	腎	昚	縝	眘	蜃	胂	愼	脤
sang1	僧	牲	生	甥	笙	甡	狌	鼪	湦
sang2	省
sang3	擤	蹭	㨘	䒏
sang4	䒏
sang6	擤	蹭
sap1	澀	濕	溼	譅	歰	濇	卌	澁
sap3	翜	𢶍
sap6	什	拾	十	甚	卅	辻
sat1	失	室	瑟	膝	虱	蝨	䣛	璱	厀	鯴	𦡀
sat6	實	寔	湜	实
sau1	搜	修	收	羞	脩	饈	溲	蒐	颼	餿	廋	嗖	艘	鄋	廀	獀	鎪	収	滫	螋	騷	䗛	䬒	叟	嗾	糔	鞘	𨨿	𩜯
sau2	搜	藪	守	手	首	叟	擻	艘	瞍	嗾	叜	蒐	謏	溲	螋	傁	滫	獀	籔	鄋	糔	艏	鎪	騪	㟬	䤇	扌	棷	潄	狩	翛	醙	鱐	𡨼	𢯱	𦣻	𩠐
sau3	獸	秀	繡	嗽	漱	狩	宿	瘦	綉	銹	鏽	琇	守	擻	首	嗾	收	潄	𠻳	膄	㝛	哨	欶	滫	瘷	𦣻	𩠐
sau4	仇	愁	讎	犰	讐
sau6	受	壽	授	綬	售	夀	寿	𡔽	璹
se1	些	賒	奢	畬	奓
se2	寫	捨	舍	瀉	冩	炧	灺	藛
se3	舍	赦	卸	瀉	厙	猞	卌	貰	㵼	灺	炧	藛	騇
se4	蛇	佘	畲	畬	輋	闍	虵	邪	鉈	𧉮	猞	鍦
se5	社
se6	射	麝	䠶	卌
sei2	死
sei3	四	肆	泗	蕼	駟
sek3	錫	惜	刺	𡃶
sek6	石	碩	鼫	祏	炻	錫
seng1	腥	聲	星	声	鯹	𠴢
seng2	醒	覡
seng3	姓	銹	鍟
seng4	城	成
seoi1	衰	須	綏	雖	需	胥	繻	荽	嬃	睢	諝	糈	夊	湑	眭	尿	嚅	榱	濉	緌	縗	桵	濡	鑐	倠	夂	摔	湏	稰	荾	葰	蕤	醑	𧈧
seoi2	水	髓	湑	糈	醑	㵦	嶲	巂	箠
seoi3	帥	碎	歲	稅	說	帨	蛻	嵗	誶	嗉	率	膆	墅	涗	裞	亗	崇	悅	悴	挩	捝	歳	淬	砕	祟	税	粹	絮	繀	𡻕	𡻷
seoi4	垂	誰	陲	箠	倕	圌	錘	𡸁	厜	榱	棰	脽
seoi5	絮	墅	緒	髓	醑	嶲	巂	瀡	緖	諝	悴	湑	盨	糈	靃	顇
seoi6	絮	燧	瑞	睡	穗	粹	萃	遂	隧	悴	瘁	祟	邃	誶	淬	穟	襚	啐	彗	槥	睟	篲	膵	焠	繐	顇	璲	倅	墅	晬	脺	膗	蔧	術	踤	𤎩	㒸	旞	檖	櫘	緒	繸	諈	賥	鐩	髓	𣄚	𤑾	𤭢	𥝩
seon1	徇	荀	詢	恂	洵	峋	殉	珣	郇	眴	狥	皴	逡	侚	踆	䀢	信	栒
seon2	筍	笋	榫	簨	囟	瞬	眴	栒	純	蕈	顖
seon3	信	訊	迅	遜	汛	舜	巽	瞬	囟	噀	孫	顖	顨	蕣	殉	瞚	蕈	徇	侚	卂	浚	狥	眴	芯	詢	贐	𩕧	㢲	䀢	潠	濬	瞤	簨	賮	迿	𡀚
seon4	鶉	醇	淳	純	脣	唇	蓴	馴	漘	蒓	犉	錞	焞	湻	肫	紃	瞤	脤	膞	蜃	諄	醕
seon5	楯	盾
seon6	順	徇	殉	揗	舜	侚	狥	蜃	迿	鬊	鶉
seot1	率	恤	戌	蟀	帥	摔	窣	卹	賉	䘏	裇	戍	甩	𨄮
seot6	術	述	朮	秫	沭	怵	鉥	訹	㤜	术	潏
si1	絲	司	師	思	斯	施	獅	私	尸	屍	撕	詩	嘶	澌	緦	螄	釃	颸	偲	廝	蓍	鷥	鳲	厮	絁	葹	厶	罳	蓰	鍶	虒	溮	凘	禠	蟖	俬	勰	噝	楒	篩	蜤	褷	邿	鉰	餏	鰤	鳾	𩅰	㒋	㕧	㴲	䗐	䲉	僿	呞	禗	笥	糸	荼	蒒	蟴	褫	襹	釶	鋖	鼶	𨸲
si2	使	史	屎	死	矢	𦳊	㕜	始	豕	駛	蓰	諰
si3	使	肆	弒	思	泗	試	駟	嗜	四	謚	諡	柶	施	肂	戺	笥	耆	廁	恣	螠
si4	匙	時	鰣	塒	蒔	禔	提	时	旹	峕	鍉	姼	榯	𡶾	𢁈
si5	市	鈰	恃	峙	似	柿	畤	舐
si6	峙	事	仕	士	侍	是	氏	視	豉	示	昰	眎	蒔	諟	眂	戺	剚	嗜	伺	眡	礻	諡	謚	亊	禔	耆	跱	𠐻	𢻃
sik1	澀	適	式	息	惜	拭	昔	熄	色	識	釋	飾	嗇	悉	穡	軾	媳	析	蟋	奭	淅	腊	蜥	晰	晳	濇	窸	螫	飭	舄	錫	骰	栻	皙	襫	轖	銫	薔	踖	舃	衋	潟	澁	螅	歰	郝	㭊	䀌	刺	液	磶	緆	鄎	鏭	恜	澙	澤	瘜	睗	菥	蒠	蕮	裼	赩	醳	鎴	餙
sik3	錫	裼	刺
sik6	蝕	食	射	䠶	吃	喫
sim1	苫	痁	笘	襳
sim2	閃	陝	睒	㚒	潸	䀹	煔	鿃
sim3	苫	掞	贍
sim4	簷	禪	蟾	蟬	檐	嬋	單	澶	裧	襜	貚	贍	𧨾
sim5	贍
sim6	贍	剡
sin1	仙	先	鮮	僊	秈	躚	鱻	褼	姍	氙	籼	蹮	侁	扇	酰	㒨	䙴	煽	蘚	鱣	𨇤
sin2	燹	癬	鮮	冼	蘚	跣	尠	銑	毨	箲	獮	筅	尟	洗	姺	洒	㾌	㿅	侁	狝	鱻	𣭡
sin3	倩	扇	煽	線	綫	搧	霰	腺	茜	騸	先	謆	鏾	蒨	𨃩	䤼	釤	𥔱	䥇	鐥
sin4	澶	單	蟬	禪	嬋	鋋	儃	单
sin5	鱔	蟮	鱓	善	蟺	䱇	吮	繕	膳	譱
sin6	倩	善	單	擅	禪	膳	繕	羨	茜	墠	墡	嬗	鄯	饍	蒨	贍	蟮	儃	熯	綪	亶	撣	紾	羡	蟺	譱	闡	㳄	单	抎	樿	涎	箐	蕆	輤	鐥
sing1	升	昇	星	猩	聲	陞	勝	惺	腥	旌	醒	騂	鋅	声	狌	箵	鮏	鯹	呏	曐	殸	瑆	胜	鍟	𢜫	𤙡
sing2	省	醒	惺	眚	箵	渻	𢜫
sing3	姓	性	聖	勝	圣	蕂	蟶	乘	狌
sing4	成	丞	乘	城	承	盛	繩	誠	晟	塍	郕	宬	椉	澠	堘	畻	鋮	䋲	乗	脀	騬	𠕠
sing6	盛	乘	剩	賸	嵊	晟	椉	乗
sip3	攝	懾	涉	歙	葉	躞	拾	慴	霅	韘	曄	灄	燁	燮	躡	挕	𠓼	𤗈	㳿	囁	屟	屧	揲	揳	熚	熠	𤁳
sip6	涉
sit3	薛	契	屑	洩	竊	褻	泄	燮	楔	絏	紲	媟	窃	緤	屧	渫	辥	偰	屟	揲	暬	躞	爕	禼	枻	舌	卨	揳	𥜽	㳿	屜	爇	躠	𨇨	㣯	僁	抴	拽	栧	榍	槷	疶	袣	鍥	靾	齛	𢗗
sit6	舌	𧵳	揲	蝕	𢗗
siu1	宵	消	燒	硝	簫	逍	銷	瀟	蕭	霄	綃	翛	蠨	魈	蛸	箾	痟	揱	肖	𤑳	㩋	梢	櫹	澆	縿	肅	萷	𢸳	𤢖
siu2	小	少	筱	篠	謏	翛	鯫
siu3	少	笑	嘯	咲	歗	燒	𤑳	筱	𥬇
siu4	韶	髫	苕	迢	齠	軺	岧	招	笤	㲈	怊	晁	芀
siu5	篠
siu6	兆	肇	紹	邵	劭	召	卲	旐	佋	詔	袑	銚	鮡	䍮	垗	珧	肈	𡊥
so1	唆	娑	梭	梳	疏	蓑	蔬	疎	莎	挲	嗦	挱	桫	簑	疋	莏	鮻	傞	衰	些	囌	羧	睃	䤬	獻	趖	髿	𤕟
so2	所	瑣	鎖	嗩	璅	鏁	𠩄	𧴪	惢	盨	鎻	𤨏
so3	疏	些	疎	娑	𤕟
so4	傻	儍
so6	傻	儍
soe4	殊
soek3	削	爍	鑠	杓	勺	斫	踢	鵲	斮	烁	燿	碏
soeng1	傷	商	湘	相	箱	襄	觴	鑲	雙	霜	孀	廂	殤	驤	勷	湯	瀧	緗	驦	艭	鸘	双	鷞	纕	騻	瓖	㕠	墒	愓	熵	禓	葙	鬺	䉶	䝄	䨇	伤	儴	厢	忀	慯	欀	礵	蔏	𢥠	𤳈	𥏫
soeng2	想	賞	鮝	鯗	相
soeng3	相
soeng4	償	嘗	常	裳	嫦	徜	鱨	嚐	甞	倘	姮	尚	尝
soeng5	上	緔	鞝
soeng6	上	尚
soi1	腮	鰓	顋	思	毸	䚡	䰄	愢	蓑	偲
soi2	甩
soi3	塞	賽
sok1	㩋	𢱢	𢸳
sok3	索	朔	數	槊	搠	嗍	矟	箾	蒴	塑	䌇	揱	漱	嗦	嗽	欶	溹	菜	萷	藪	𢱢	𦂗
song1	喪	桑	䘮	顙	嗓	桒	𠷔
song2	爽	嗓	顙	搡	塽	磉	礎	䡦	騻	鷞	𠁊
song3	喪	䘮	𠷔
sou1	搔	甦	蘇	酥	騷	穌	臊	鬚	繅	囌	慅	繰	鰠	艘	䒩	苏	蘓	須
sou2	嫂	數	掃	㛮	籔	騷
sou3	掃	數	溯	素	訴	遡	塑	愫	嗉	埽	泝	愬	膆	臊	㴑	氉	傃	塐	漱	瘙	嗦	潄	騷
suk1	宿	叔	夙	粟	縮	肅	蓿	倏	儵	謖	倐	蹜	驌	鷫	踧	橚	餿	鱐	僳	玉	𠦑	㝛	䑿	束	涑	諔	鮛	𤢂	𫂙
suk6	塾	孰	屬	淑	菽	蜀	熟	贖	俶	妯	属	尗	蠋	钃	㳤	䙱	䪅	璹	茮	襡	諔	鸀
sung1	嵩	從	鬆	淞	崧	菘	娀	忪	凇	从	従	漎	蓯	鍶
sung2	竦	聳	悚	慫	㩳	駷	傱	嵷	楤	漎	𢥠
sung3	宋	送	餸	𠳼
sung4	崇	㞞	鰫	鱅
syu1	書	舒	紓	輸	攄	樗	樞	抒	摴	姝	毹	毺	荼	鄃	妤	俆	摢
syu2	暑	黍	鼠	癙	祟
syu3	庶	恕	戍	處	輸	䖏	腧	処	庻	署	謚
syu4	殊	薯	殳	銖	蜍	姝	洙	藷	噓	提	𠘧
syu5	曙	署	薯	樹	藷	尌	杼	𣗳
syu6	豎	樹	澍	竪	裋	尌	𣗳	曙	署	腧
syun1	孫	宣	酸	悛	猻	瑄	蓀	狻	痠	飧	揎	渲	飱	亘	搎	朘	嬛	萱	荃	飡	孙	暄	槂
syun2	損	選	撰	咺	渲	烜	选	雋	饌
syun3	渲	算	蒜	祘	筭	笇	篹	選	匴
syun4	旋	船	漩	璇	鏇	還	璿	舡	舩	䃠	琁	悛	碹	蔙	輲	𤪽
syun5	吮	雋	隽
syun6	篆	瑑	鐫	旋	彖	腞	選	還
syut3	說	雪	鱈	𩣊
taa1	他	牠	她	它	怹	鉈	祂	趿
taai1	呔	𧘹	軚
taai3	太	態	汰	泰	貸	鈦	大	忲	傣	肽	舦	酞	嚏	忕	汏	銻
taai4	稊
taai5	舵	柁	舦
taam1	貪	探	嗿	䑙	撢	緂
taam2	毯	菼	醓	撢	嗿	忐	窞	萏	黮
taam3	探	撢	舕
taam4	痰	談	譚	潭	覃	壜	曇	澹	罈	郯	罎	蟫	醰	倓	燂	鐔	惔	餤	墰	炎	錟	驔	沈	熒	憛	撢	橝	磹	蕁	蕈
taam5	淡	禫	贉	窞	萏	醓	饏	黮
taan1	癱	攤	灘	坍	嘽	嘆	歎	㘱	刋
taan2	癱	坦	妲	袒	疸	忐	毯	亶	怛	襢	僤	癉	菼	靼	䵣	担	氽	膻	鉭	𤺺
taan3	炭	歎	嘆	碳
taan4	壇	彈	檀	曇	撣	胆	壜	枟	坛	撢	罎	鷤
taan5	坦
taap3	塔	榻	塌	嗒	搨	遢	拓	漯	闒	錔	鎉	鰨	墖	褟	蹋	㯓	䑽	毾	溚	溻	㧺	䌈	䍇	䶀	嚃	搭	涾	濕	狧	荅	誻	蹹	躢	𦪙	𩰙
taap6	濕
taat1	撻	靼	𩍕
taat3	撻	闥	韃	趿	達	躂	澾	遢	鰨	㒓	靸	㿹	噠	羍	靼	𨔶
tai1	梯	銻	鷉	稊	綈
tai2	體	睇	体	醍	躰
tai3	締	剃	替	涕	薙	屜	嚏	髢	鬀	鬄	殢	洟	屉	揥	裼	剔	屧	鐟	㯩	屟	睇	禘	蒂	諦
tai4	啼	提	蹄	題	堤	隄	荑	鵜	嗁	綈	緹	醍	蹏	稊	禔	騠	踶	媞	睼	締	鮧	鯷	鶙	謕	鍉	鶗	䨑	偍	桋	禵	苐	蕛	褆	遆	銕	鮷	鴺	鷉	鷤	𪂿
tai5	娣	悌	弟	柁	舵
tai6	鯷
tam3	𧨾	氹
tam4	湛
tam5	氹	凼
tan1	吞	飩	暾	涒	焞	䵍	啍	氽	汆	褪	𪏆
tan2	汆	氽
tan3	褪	㖔
tan4	飩	揗	騰
tang1	鼟
tang4	謄	藤	滕	疼	騰	籐	縢	螣	邆	驣	鰧	𤻴	幐
tang6	蹬
tau1	偷	媮	愉	鍮
tau2	黈	唞	㪗	透	𧿫
tau3	透	斢	煹
tau4	投	頭	骰	牏	亠	丄	酘	头
tau5	炓
tek3	踢	趯
teng1	廳	聽	听	㕔	廰	聼
teng5	艇	脡
teoi1	推	蓷	焞
teoi2	腿	骽
teoi3	褪	蛻	退	煺	稅	侻	梲	駾
teoi4	頹	隤	穨	魋	僓	嵬	頺	蘈	隗	鮠	鮰	𠒺
teon1	湍	啍	稅	䵎	淳	芚	貒
teon2	疃	畽	𤱝
teon3	彖	稅	褖
teon4	囤
teon5	盾	楯	腯	揗	彖	輴
teon6	彖	盾
tik1	剔	惕	忒	倜	忑	趯	裼	俶	鋱	惖	慝	貸	逖	逷	貣	踢	擿	狄	適	躍	匿	悐	籊	脦	蜴	逿	𩮜
tim1	添	舚	呫	酟
tim2	忝	舔	沴	餂	㐁
tim3	掭	忝	舚	輦
tim4	甜	恬	湉	菾	銛
tim5	簟	餂	忝	㥏	殄	舔	掭	沴	腆	蘸	輦	驔
tim6	掭
tin1	天	靝	祆	祅	黇
tin2	腆	覥	靦	淟	殄	㥏	捵	餮
tin3	瑱	殄
tin4	滇	田	填	畋	鈿	闐	佃	嗔	磌	塡	墊	甸	畑	瞋	䡘	寘	搷	沺	畠	盷	𤝗
tin5	殄	㥏	覥	靦
ting1	聽	汀	桯	廳	听	町	烴	鞓	朾	綎	聼
ting2	町	挺
ting3	聽	庭	听	町	聼
ting4	亭	停	庭	廷	蜓	霆	婷	渟	莛	筳	鼮	葶	䗴	楟	綎	𠅘	𪣹
ting5	挺	梃	鋌	脡	艇	頲	侹	珽	町	𡈼	圢	濎	莛
tip3	帖	貼	怗	呫	跕	萜	餮
tit3	鐵	餮	銕	鉄	驖	䥫	僣	跌	飻
tiu1	挑	佻	祧	彫	恌	朓	條	脁	跳	雕	𠛪	庣	桃	蓨	誂
tiu2	挑
tiu3	糶	跳	眺	朓	覜	頫	艞	趒	挑
tiu4	條	調	蜩	迢	髫	鰷	笤	齠	佻	岧	苕	鞗	䖺	銚	条	蓨	䩦	䱔	岹	怊	縧	芀	莜	蓚	蓧	跳	鯈
tiu5	窕	挑	蓧	朓	趙	嬥	窱	誂	頫
to1	拖	拕	它	佗	他	牠	揓	扡	訑	詑
to2	妥	橢	嚲	惰	隳
to3	唾	毻
to4	駝	沱	跎	陀	馱	鴕	鼉	酡	佗	舵	鉈	紽	駞	鮀	堶	鼧	柁	砣	他	坨	拕	詑	阤	䍫	沲	訑	錘	陁	驒	䭾	它	柂	駄	鱓	𣵺	𨠑	𪓽
to5	妥	柁	橢	舵	炧	楕	沱	灺	鋖	㯐	唾	媠	撱	椭	綏	馱
to6	馱
toe3	唾
toi1	胎	苔	駘	紿	邰
toi2	㘆	呔	枱	檯	𠯪
toi4	台	抬	枱	臺	苔	擡	檯	炱	駘	薹	鮐	邰	儓	跆	颱	斄	嵬	菭	籉	鈶	㟴	䑓	咍
toi5	殆	怠	紿	迨	駘
toi6	殆	迨
tok3	托	託	柝	拓	橐	籜	魄	侂	蘀	跅	飥	庹	𣟄	槖	乇	仛	𠈁	粕	馲	魠	𣔳	𩧐
ton3	彖
tong1	湯	鏜	劏	鼞	羰	鞺	嘡	鐺	趟	鐋	闛
tong2	倘	帑	躺	儻	淌	惝	鐋	钂	䠀	爣	戃	搪	瞠	耥	蹚	曭	矘	糖	趟	踼	鎲	黨
tong3	燙	熨	趟	盪	湯	躺	鐋	䟖	𨌩
tong4	唐	堂	塘	棠	糖	膛	螳	搪	螗	幢	餹	溏	赯	鏜	餳	瑭	瞠	醣	坣	鄌	榶	樘	煻	禟	篖	踼	逿	闛
tong5	搪
tong6	盪
tou1	叨	滔	韜	弢	饕	絛	忉	慆	挑	縚	縧	謟	夲	搯	洮	鏖	爊	綢	槄	舠	𠬢
tou2	禱	土	討	釷	吐	搗	䵚	壔	擣	禂	裯
tou3	吐	套	兔	菟	堍	唾	兎	𡘷
tou4	屠	荼	圖	塗	徒	桃	淘	萄	逃	途	陶	濤	咷	涂	掏	燾	綯	酴	鼗	啕	檮	瘏	匋	洮	翿	啚	幬	稌	菟	鞀	鞉	醄	梌	迯	駼	跿	駣	騊	鵌	𨢬	䄻	图	圕	搯	跳	饕	䖘	䩣	嚎	圗	悇	滔	阧	馟	鷋	𢴉	𨢕	𪔛
tou5	肚
tui2	脮	腿	骽
tui3	退
tuk1	禿	鋵	鵚	秃	痜
tung1	通	恫	痌	蓪	囱	侗	囪	疼	嗵	樋	熥	狪	筩
tung2	桶	統	筒	捅	筩	侗	𧚔	埇	𢳟	𧙥
tung3	痛	疼
tung4	僮	仝	同	桐	瞳	童	筒	銅	潼	峒	彤	衕	侗	佟	艟	曈	筩	茼	橦	獞	罿	幢	穜	鮦	氃	洞	疼	鼕	哃	峂	憧	烔	痌	砼	酮	㤏	垌	峝	朣	炵	疃	膧	詷	赨
tyun1	湍
tyun2	畽	疃	斷
tyun4	屯	團	臀	豚	摶	漙	囤	糰	魨	剸	㹠	塼	忳	慱	篿	臋	芚	蓴	迍	㪟	䊜	剬	坉	敦	紈	軘	鱄	鷻	𡱒	𪆃
tyun5	斷
tyut3	脫	梲	侻	挩	捝	莌	𦮀
waa1	譁	哇	嘩	娃	蛙	窪	窊	騧	呱	洼	鼃	凹	划	咼	喎	汙	䵷	搲	蝸	驊	刳	唲	啘	撾	漥	窐	𤱰
waa2	剮	畫	搲	咼	喎	絓	觟
waa3	喎
waa4	華	驊	划	樺	找	鏵	嘩	釫	鋘	崋
waa5	踝
waa6	畫	話	華	樺	崋	罫	擭	䛡	摦	槬	画	𡱮	划	畵	繣	蛙	觟	鼃
waai1	歪	竵	㗏
waai4	懷	槐	淮	褱	褢	怀	獲	櫰	耲	怌	瓌
waai6	壞
waak1	㗲	𠵾
waak3	嚄
waak6	劃	惑	或	畫	砉	剨	騞	嫿	謋	嚄	划	獲	蜮	閾	㦎	域	搳	棫	湱	画	繣	豁	韄	𡱮	𢦙
waan1	彎	灣	弯	壪	關	㘤	挽	潫	睕	輓
waan2	綰	捥	挽	鐶	娩	玩	睆	輓	魭
waan3	轘
waan4	還	環	寰	頑	圜	鬟	鐶	闤	繯	嬛	鍰	玩	还	儇	轘	䴉	澴	蠉	䴋	懁	抏	环	睘	翫
waan5	挽	輓	鯇	幻	鯶	娩	擐	綰	鰀
waan6	宦	患	幻	豢	漶	繯	轘	槵	眩	圂	擐	綰	𠌼	㹖	攌	薍
waang1	軭
waang4	橫	衡	黌	鍠	鐄
waang6	橫	桄	衡
waat3	挖	斡	穵	婠	嗗
waat6	滑	猾	黠	鶻	䱻	挖	搰	穵	螖	鷸
waau1	齁
waau2	吼
wai1	威	萎	葳	逶	委	崴	倭	喂	喴	楲	癐	蝛	喟	揻	暉	煇	痿	輝	鰃	𨂿
wai2	委	萎	燬	諉	卉	唯	痿	虺	喟	虫	毀	猥	寪	骫	蒍	薳	譭	巋	毁	蘤	偉	煒	韙	䦱	廆	烜	葦	韡	骪	䖝	䛼	位	壝	毇	瑋	碨	緯	腲	蔿	蜼	趡	趭	逶	𠦄	𩋾
wai3	畏	穢	蔚	尉	慰	餵	翽	噦	餧	喂	濊	薈	嘒	熨	薉	霨	罻	渭	諱	䲁	喙	委	碨	𧬨	𧴖	㟪	偎	劌	嵔	慧	毀	磑	緯	螱	褽
wai4	桅	唯	圍	幃	惟	維	違	遺	帷	為	闈	韋	濰	爲	圩	壝	湋	潿	鄬	鮠	䗽	为	嵬	褘
wai5	偉	緯	葦	諱	瑋	煒	韙	韋	暐	韡	卉	沇	渭	匸	喙	湋	痏	隗	颹
wai6	位	惠	慧	胃	謂	蕙	蝟	衛	恚	渭	為	彗	彙	猬	蟪	衞	遺	爲	讆	躗	嘒	槥	媦	蜼	譓	轊	憓	篲	繐	熭	軎	僡	喂	喙	喟	蔧	鏸	顪	䗽	䡺	为	嚖	潓	煟	鏏	𠅤	𥶙
wan1	瘟	溫	縕	氳	熅	轀	褞	贇	温	鰮	氲	煴	薀	榲	蒕	韞	涒	緼	蕰	嗢	塭	奫	昷	暈	殟	蘊	豱	輼	頵	鰛	𥁕
wan2	穩	搵	蘊	縕	揾	韞	薀	藴	韻	媪	媼	氲	溫	緼	醖	醞	韵
wan3	慍	醞	搵	蘊	韞	縕	薀	愠	熅	醖	媼	暈	溫	溷	菀	藴
wan4	勻	紜	耘	雲	魂	暈	筠	芸	云	渾	餛	琿	員	畇	蕓	昀	篔	鄖	鋆	妘	澐	沄	溳	䢵	混	鼲	㮯	䰟	楎	縜	貟	郇	餫
wan5	韻	允	尹	殞	隕	狁	霣	磒	蘊	惲	藴	醞	愠	抎	棍	溷	荺	菀	韞	鼲	齳	𪘩
wan6	韻	混	運	暈	惲	渾	鄆	圂	慁	溷	諢	韵	均	熨	煇	員	掍	韗	餫	㥵	㯻	䵴	尉	煴	熅	琿	隕	顐	鯶
wang4	宏	弘	閎	紘	泓	竑	吰	翃	鞃	鋐	鈜	耾	谹	彋	浤	𦐌	𪪺
wat1	屈	鬱	尉	蔚	詘	熨	嗢	膃	欝	窟	菀	黦	爩	榲	厥	煀	罻	苑	鬰	圣	崛	慍	掘	欎	聿	腽	誳	镼	顝	魆	𩨳	𩭪
wat6	鷸	聿	核	搰	矞	遹	鴥	燏	鶻	驈	獝	霱	潏	黠	扤	抇	繘	閡	鱊
we2	搲
wei1	墮
wei2	韡
wei3	尉	慰	蔚
wik4	閾
wik6	域	蜮	閾	棫	罭	緎	淢	擭	聝	馘	魊	惐	窢
wing1	扔	𢫕
wing4	榮	嶸	蠑	縈	瑩	滎	濚	荣	鎣
wing5	永	穎	潁
wing6	泳	詠	咏	潁	穎	頴	熲	禜	醟	𢫕
wo1	倭	窩	鍋	媧	渦	窠	蝸	萵	堝	猧	䈑	䰀	撾	踒	斡	涹	濄	窼	薶	鐹	騧
wo2	倭	婐	婑
wo3	涴	喎	啝
wo4	和	禾	龢	盉	咊	啝	訸	鉌
wo5	禍	𢰸	喎
wo6	禍	和	旤	䄀	啝	盉	𥘑	咊
wok3	矱	雘	獲	彠	穫	檴	濩
wok6	鑊	獲	穫	蠖	劐	嚄	瓠	擭	矱	濩	蒦	鸌	彠	檴	瓁	籰	約	鍋
wong1	汪	尢	尪	尩	㑌
wong2	枉	誑	俇	瀇	誆
wong4	凰	徨	惶	潢	王	皇	磺	簧	蝗	遑	黃	煌	璜	篁	隍	鰉	喤	湟	蟥	鍠	艎	鱑	偟	餭	癀	趪	鐄	騜	𤟡
wong5	往	徃	𣶂
wong6	旺	王	迋	潢	往
wu1	嗚	烏	於	圬	污	惡	汙	鎢	杇	鄔	洿	釫	塢	涴	鋘	靰	五	扵	歍	汚	肟	陓	隖	𠌥
wu2	塢	祜	滸	隖	摀	鄔	捂	怙	嘏	岵
wu3	惡	噁	汙	𠌥	污	涴
wu4	壺	弧	湖	瑚	糊	胡	葫	餬	狐	蝴	鬍	衚	醐	鶘	猢	瓠	乎	䊀	和	魱	㝬	䭅	滹	煳	符	苻	𧲲	𩚩
wu6	互	芋	護	戶	滬	扈	沍	鄠	怙	瓠	岵	枑	楛	鳸	濩	穫	冱	雇	婟	矱	祜	嫭	嫮	摢	沪	韄	頀	鱯	㸦	䇘	䨼	劐	户	摴	芐
wui1	煨	隈	偎	椳	猥	渨	詴	倭	褽	鰃
wui2	薈	䦱
wui3	薈
wui4	回	徊	洄	茴	廻	迴	蛔	囘	囬	蛕	蚘	佪	恛	痐	蜖	逥	鮰	𢌞
wui5	會	噲
wui6	會	匯	滙	彙	燴	回	薈	会	擓	囘	囬	禬
wun1	剜	豌	婠	莞	帵	眢
wun2	惋	腕	碗	盌	椀	皖	莞	睆	剜	捥	豌	案	桉	眢	脘	㼝	帵	垸	婉	宛	掔	晥	玩	畹	筦	𢯲	𦙵
wun3	亘	垣
wun4	垣	桓	援	爰	洹	媛	萑	貆	湲	瓛	萈	猨	荁	豲	䝠	亘	峘	狟	獂	羦	鍰	雈	𧱂
wun5	浣	皖	澣	晥	莞
wun6	玩	緩	換	煥	喚	奐	渙	翫	瘓	逭	忨	棵	㬊	抏	瑗	褑	輐
wut6	活	榲	越	佸	捾
zaa1	渣	揸	咱	楂	樝	摣	撾	查	髽	吒	喳	偺	喒	皻	齇	抓	檛	𠴰	咋	奓	碴	挓	柤	猹	蹅	倃	査	砟	簻	觰	齄	𠇗	𠭯	𦉆	𧤺
zaa2	鮓	苴	蚱	咱	痄	咋	砟	鮺
zaa3	咋	詐	乍	搾	炸	榨	蜡	痄	咤	蚱	溠	煠	醡	鮓	䖳	吒	䄍	舴	䃎	苲	厏	奓	姹	拃	拶	柞	砟	笮	酢
zaa5	苴
zaa6	膪	乍	拃	舴	奓	柞	炸	𩿞
zaai1	齋	齊	斋	亝	嚌
zaai2	崽	葸
zaai3	債	瘵	責	眥	祭	眦	𨝋
zaai6	寨	豸	砦	廌	眥	眦	㩟	揥	䚦	呰
zaak1	仄	側	昃	咋	唶	簀	責
zaak2	宅
zaak3	責	嘖	窄	簀	賾	舴	迮	笮	柞	蚱	齚	咋	唶	幘	磧	䍉	謫	讁	齰	勣	樍	矺	磔	適
zaak6	宅	摘	擇	澤	翟	擲	躑	謫	磔	擿	蹢	讁	擢	乇	適	襗	鏑	匝	礋	齚	齰
zaam1	簪	糌	椷	緘	臢	詀	鵮	兓	戡	梴	篸	簮	鐕
zaam2	嶄	斬	寁	眨	䁪	槧	黵	嶃	怎
zaam3	湛	蘸	嶄	嶃	篸
zaam6	暫	站	鏨	蹔	賺	颭
zaan1	攢	臢
zaan2	盞	趲	琖	攢	醆	昝	㜺	儹	纘	寁	揝	瓚	驏	僝	拶	棧
zaan3	讚	贊	瓚	賛	酇	囋	灒	纘	趲	饡
zaan5	趲
zaan6	賺	撰	棧	饌	綻	譔	籑	贃	篹	僎	揝	攥	輚	䉵	䋎	䘺	沯	虥	轏	濺	虦	𢰅	𩜹
zaang1	爭	掙	猙	睜	箏	踭	丁	崢	諍	錚	㬹	琤	鬇	争	傖	棦	䦛	噌	槍	鎗
zaang3	諍	䦛	爭
zaang6	掙	𢹑
zaap1	咂
zaap3	劄	匝	咂	眨	砸	唼	剳	帀	褶	啑	喋	䀹	币	摺	煠	熠	𠍹	𤿪
zaap6	習	襲	閘	集	雜	隰	牐	襍	鈒	什	亼	嶍	炸	煠	褶	霫	极	槢	鍘	雧	鰼	△	㗱	㠄	劄	柵	砸	𡁕	𨰉
zaat1	枳
zaat3	扎	札	軋	紮	紥	哳	拶	劄	鍘	茁	匝	帀	桚	䝟	圠	拃	猰	蚻	釓
zaat6	曱	剳	嫉	甴	箚	蒺	鍘
zaau1	嘲	啁	謿
zaau2	找	爪	抓	肘	帚	搔	㕚	箒	爫	笊	蚤	鯞
zaau3	罩	笊	䈇	㷹
zaau6	棹	櫂	掉	驟	桌	槕	濯	趠	踔
zai1	劑	擠	躋	齎	齏	賫	虀	賷	隮	嚌	穧	䪢	𧆌	䪡	剂	癠	鮆	鱭	齌
zai2	仔	濟	囝	劑	霽	崽	泲	搋	擠	葸
zai3	制	掣	祭	製	際	濟	霽	猘	漈	瘈	穄	晢	晣	泲	狾	傺	瘵	瘛	淛	磜	䎺	䱥	剬	嘬	憏	懠	晰	薺	迣	鰶	鱭	齌	𨝋
zai4	齌
zai5	鮆
zai6	滯	嚌	穧	蹛	劑	齊	懘	楴	豸	踅
zak1	則	仄	側	昃	鯽	鰂	夨	萴	崱	責	庂	簀
zam1	斟	砧	針	箴	鍼	碪	椹	祲	緘	鱵	椷	瑊	嶜	揕	浸	葴	鍖	鐕
zam2	枕	怎	抌	爭	魫	䪴	噆
zam3	浸	枕	譖	揕	寖	沁	僭	抌	椹	蘸	譛	𣺎
zam5	朕	眹
zam6	朕	鴆	沉	酖	噚	栚	絼
zan1	珍	真	眞	胗	甄	禛	振	嗔	瞋	畛	縝	唇	珎	駗	桭	稹
zan2	軫	畛	疹	紾	袗	診	鬒	稹	胗	縝	㐱	抮	眕	眹	矧	黰	𤵜
zan3	振	賑	震	鎮	圳	娠	瑱	顫	侲	塡	甄	稹	紖	鎭	挋	桭	甽	祳	蜄	裖
zan4	塵
zan6	陣	陳
zang1	僧	增	憎	曾	爭	繒	罾	箏	崢	矰	錚	橧	猙	琤	睜	噌	掙	鬙	踭	鄫	㬹	争	棦	諍	䒏	丁	崝	嶒	甑	磳	綪	蹭	鬇
zang2	𤺧
zang3	甑	諍	鋥
zang6	贈	甑
zap1	執	汁	縶	馽	幸	执	拾	絷	慹	臢	蓻
zap6	習	集	霫
zat1	質	騭	鑕	隲	枳	貭	櫍	礩	只	桎	挃	櫛	厔	揤
zat6	蟄	窒	姪	嫉	桎	疾	蒺	蛭	侄	厔	膣	郅	銍	庢	挃	哳	妷	抶	咥	礩	螲	垤	槉	甴	腟	跮	𦄔
zau1	周	州	洲	舟	鄒	週	諏	賙	陬	啁	騶	譸	啾	緅	輈	鄹	鯫	侜	掫	盩	謅	揪	湫	菆	郰	輖	噍	棸	喌	揫	蝤	調	鵃	㨄	䞴	倜	娵	棷	洀	黀	齱	齺
zau2	走	酒	帚	箒	肘	鯞	掫	睭	菷
zau3	奏	晝	縐	咒	皺	呪	揍	甃	咮	僽	噣	族	祝	詋	㑳	啄	簇	蔟	鬷	㥮	䋓	僦	昼	腠	詶	謅
zau4	籌
zau6	宙	就	紂	袖	岫	冑	僦	鷲	驟	籀	胄	褎	酎	褏	僽	繇	葤	鈾	伷	怞	櫂	籒	鮦	鼬
ze1	嗟	遮	罝	啫	嗻	咱	㸙	姐	闍	𨲠
ze2	姐	者	赭	姊	堵	褚	鍺	姉	毑
ze3	借	蔗	鷓	這	柘	藉	唶	嗟	䗪	樜	炙	耤	蟅	这
ze5	這
ze6	謝	榭	藉	塮
zek1	啫	唧
zek3	脊	隻	炙	跖	摭	瘠	只	拓	蹠	鶺	蹐	嵴	擿	柘	績	膌	跡	迹
zek6	蓆	席	跡	迹
zeng1	精	睛
zeng2	井	阱	汫	肼	穽
zeng3	正
zeng6	鄭	淨	凈	浄
zeoi1	疽	追	趄	菹	蛆	沮	狙	苴	錐	騅	且	隹	雎	椎	朘	睢	鵻	砠	岨	蟕	堆	檇	罝	萑	葅	娵	觜	魋	䘒	䶆	倠	奞	棰	槌	箠	諏	趡	跙	駔	鴡
zeoi2	咀	嘴	沮	齟	觜	苴	棰	箠	蟕	鉏	䶥	岨	砠	詛	跙
zeoi3	惴	最	醉	足	蕞	綴	㝡	晬	檇	冣	沮	贅	綷	覰	餟	覷	酔	㙍	槜	蕝	覻	醊
zeoi4	儲	膗	躇
zeoi6	墜	罪	聚	序	縋	叙	嶼	贅	綴	辠	鱮	敍	敘	漵	懟	藇	冣	惴	最	膇	芧	足	餟	溆	潊	甀	硾	隊	㐨	㝡	垿	怚	𡑞	𪼽
zeon1	津	臻	遵	榛	樽	蓁	諄	屯	溱	肫	窀	罇	迍	尊	獉	朘	鐫	蹲	逡	撙	皴	竣	鐏	僎	啍	墫	忳	盹	衠	𥖁	㕙	坉	峻	悛	樼	沌	璡	軘	轃	𣓀
zeon2	准	準	儘	隼	燼	藎	贐	賮	埻	純	㶳	鵻	侭	凖	囟	綧	鱒
zeon3	雋	俊	浚	進	峻	濬	駿	晉	搢	竣	縉	畯	餕	儁	寯	瑨	鐫	晋	朘	焌	隽	晙	焞	玔	踆	鄑	陖	鵔	㑺	㕙	捘	璡	臇	葰	鎸	𦿉
zeon6	盡	燼	尽	濜	啍	㶳	儘
zeot1	卒	黜	怵	捽	詘	倅	蟀	崒	䘚	咄	枳	絀	卆	崪	憷	焌	踤	黢
zeu6	𡁻
zi1	之	姿	支	枝	滋	知	肢	脂	芝	蜘	諮	資	咨	孜	孳	緇	貲	輜	錙	卮	淄	菑	粢	胝	茲	吱	嵫	巵	恣	祗	趑	鎡	髭	齊	嗞	梔	氏	鼒	搘	栀	秖	齜	仔	趦	鳷	鼅	榰	胾	螆	鯔	兹	祇	袛	觜	訾	鄑	頿	孖	玆	蚑	齎	㞢	椥	次	甾	跂	齍	䊷	䝷	䟡	亝	偨	呲	啙	椔	泜	瓻	疧	疷	礻	秪	耔	胵	芰	薺	虀	訿	賫	賷	鮨	鶿	鷀	齋	齐	𨀥	𪗉	𪗋	𪯠	𫖠
zi2	只	咫	址	姊	子	指	旨	梓	止	紙	紫	趾	仔	徵	滓	祉	枳	祇	芷	黹	笫	沚	秭	籽	訾	恉	扺	耔	阯	啙	砥	軹	帋	胏	夂	厎	呰	姉	泲	衹	祗	畤	茈	訿	抵	虸	訨	酯	鋅	㧗	坁	坻	寺	巿	杝	柹	榟	泚	疻	秄	秖	耆	芓	茝	茞	虀	觝	𠂔	𧆌
zi3	志	智	痣	緻	置	至	致	誌	摯	識	質	躓	輊	贄	鷙	寘	觶	疐	知	忮	漬	胾	剚	恣	積	胔	郅	懥	倳	織	踶	值	懫	梽	貭	鋕	騺	骴	𦤶	㚄	㨖	䡹	䦯	夂	孳	峙	挚	礩	穉	趍	遅	遟	遲	駤	𢗍	𤴛	𤴡
zi5	畤	豸
zi6	伺	嗣	字	寺	巳	治	痔	祀	稚	自	飼	俟	耜	雉	食	彘	峙	豸	涘	穉	眦	兕	眥	禩	竢	笥	廌	牸	稺	庤	畤	飤	䦙	滍	遲	飴	㹀	倳	傂	孳	汜	泜	漬	覗	騃	㭒	䚦	偫	剚	絼	芓	茡	阤	鷙	𡥜	𤉡	𧣾
zik1	即	稷	積	績	織	職	陟	勣	磧	跡	蹟	唧	迹	鯽	嘖	漬	幘	蝍	踖	畟	鶺	堲	炙	蹐	昃	瘠	襀	仄	則	卽	喞	捗	昵	樴	癪	脊	軄	㮨	㹄	塉	戠	溭	禝	聀	膱	蟙	謖	跖	蹠	騭	鰿
zik3	瘠	脊	鶺	蹠	炙	蹐	跖	拓	柘	災	癠	隻	𨂂
zik6	蟄	藉	席	值	夕	寂	植	殖	直	籍	汐	穸	埴	蓆	湜	矽	稙	耤	褯	犆	𡌴	𡧯	漃	躤	𡨜
zim1	占	尖	沾	瞻	詹	譫	覘	霑	粘	漸	臢	襜	幨	熸	苫	薝	黏	䠨	呫	痁	秥	佔	噡	怗	暹	詀	鋟	䀡	䥴	惉	摻	櫼	瀸	綅	蛅	贍	銛
zim2	颭
zim3	佔	占	僭	幨	彡	敁	苫	讖
zim6	漸	聻	魙	僭	嶄	螹
zin1	煎	箋	戔	毡	羶	氈	湔	牋	旃	椾	饘	鸇	濺	邅	韉	鱣	籛	鬋	旜	栴	氊	羴	韀	㫋	揃	膻	諓	飦	緘	顫	驙	亶	儃	帴	搧	淺	脠
zin2	展	輾	剪	戩	碾	翦	闡	譾	囅	揃	搌	蕆	謭	錢	嘽	蹍	蹇	劗	帴	皽	謇	鬋	瀽	臠	邅	䏼	幝	戬	樿	燀	皻	翥	諓	辴	颭	𢸄	𨃨
zin3	濺	箭	餞	戰	薦	荐	洊	顫	牮	煎	珔	战	栫	墊	湔	諓
zin5	䏼	踐
zin6	賤	踐	纏	聻	濺
zing1	徵	征	晶	睛	精	蒸	貞	偵	正	禎	旌	楨	癥	菁	鉦	怔	烝	箐	湞	鯖	鶄	赬	遉	幀	佂	澂	青	頳	鼱	旍	眐	脀	𦙫
zing2	整	井	拯	正	請	騁
zing3	正	政	證	症	証	幀	㡧	烝	鉦	㡠	晟	靚
zing6	淨	阱	靖	靜	穽	凊	竫	靚	凈	剩	賸	婧	䝼	瀞	鄭
zip3	接	摺	浹	輒	楫	褶	讋	囁	慴	霅	懾	檝	輙	婕	睫	鮿	挾	椄	襵	讘	䀹	䐑	倢	慹	折	攝	狹	箑	耴
zip6	洽	睫	捷	㨗	倢	婕	檝	疌	箑
zit1	瀄	唧	擳	𡁶	𢩦	𤁢
zit3	折	哲	浙	節	櫛	蜇	癤	喆	倢	卩	婕	淛	晢	悊	踅	㘉	䇽	䗻	瀄	硩	䖳	岊	扻	捷	晣	楖	楶	疌	节	莭	節	𧋍
zit6	截	捷	睫	箑	節	蠘	㨗	倢	唼	婕	卩	巀	絕	节	𢧵
ziu1	招	朝	椒	焦	蕉	礁	僬	鷦	噍	鐎	昭	燋	膲	炤	鼂	嶕	召	嫶	着	蟭	鶴	𦚔
ziu2	剿	沼	勦	湫	𠞰	劋	樔	璅	眧
ziu3	照	醮	詔	炤	噍	曌	釂	皭	瞾	僬	爝	嘦	趭	哨	嚼	昭	灂	蘸
ziu6	召	趙	嚼	旐	噍	摷	兆	㬭	沼	皭	詔	駣	𠮥	𡁻	𡊥
zo1	傞	嵯	搓	瑳	磋	莎	蹉	醝
zo2	俎	左	阻	咗	岨	唨	爼	詛	佐	柤	脞	𠂇	𧇣
zo3	佐	詛	左	咀	作	狙	謯	剉	挫	莝	謔	銼	錯	𠂇
zo4	瘥	矬	鹺
zo5	坐
zo6	坐	座	助	耡	唑	祚	胙	阼	侳
zoek2	雀
zoek3	鵲	爵	酌	雀	著	嚼	桌	着	爝	妁	勺	斫	棹	灼	繳	芍	槕	汋	焯	皭	卓	斮	杓	禚	踖	釂	㬭	䧿	彴	斵	櫂	櫡	淖	灂	皵	穛	鐯	龹
zoek6	着	著	嚼	爝	皭	𤏸	鐯	龹
zoeng1	張	將	彰	樟	璋	章	漿	麞	漳	獐	嫜	螿	鄣	蟑	䊢	慞	粻	鱆	餦	傽	鱂	槳	蔣
zoeng2	掌	槳	蔣	獎	長	仉	漲	奬	礃	黨	膙	镸
zoeng3	將	帳	漲	醬	瘴	脹	障	悵	賬	仗	幛	嶂	張	倀	鄣	㢓	糡	糨	韔
zoeng4	腸	膓
zoeng6	杖	丈	像	匠	象	仗	橡	長	襐	蟓	镸
zoi1	哉	栽	災	灾	菑	烖	㘽	甾	睢	渽	𡿧	𢦏	𣴮
zoi2	宰	載	崽	縡	儎	囝
zoi3	再	載	儎	𠕂	𠕅	𨚵
zoi6	在	儎	載	侢	罪	酨
zok3	作	昨	笮	鑿	做	莋	飵
zok6	昨	濯	鑿	酢	怍	擢	柞	浞	鷟	笮	筰	砟	㤰	岞	戳	灂	糳	莋	躅	飵
zong1	妝	樁	莊	裝	臧	粧	贓	庄	牂	髒	賍	贜	䁓	壯	奘	糚	䚎	娤	撞	脏	藏	𢍿	𥊙
zong2	駔	髒	奘
zong3	壯	葬	塟	戇	髒	𦵏	㦼	臟
zong5	奘
zong6	撞	狀	臟	藏	奘	幢	僮	憧	臧	噇	徸	獞	憃
zou1	租	糟	遭	蹧	傮	蒩	醩
zou2	澡	早	棗	祖	組	藻	蚤	璪	駔	璅	繰	繅	薻	慅	搔	枣	瑵	靻	𧎮
zou3	竈	灶	做	作	趮
zou6	造	做	祚	皂	胙	阼	皁	唣	艁	慥	簉	葄	作	唕	灶	竈	𪣝
zui1	奞
zuk1	足	囑	祝	竹	築	粥	燭	筑	屬	矚	竺	觸	捉	劚	鬻	柷	爥	蠋	浞	斸	矗	喌	烛	瘃	躅	鐲	鷟	㧬	属	欘	臅	触	䰞	哫	嘱	巩	擉	斶	歜	灂	鋜	鸀	𢫵
zuk3	捉	哫	囑	瘃	穛	竺	足
zuk6	俗	妯	族	濁	續	軸	逐	鏃	柚	舳	嗾	躅	鐲	藚	簇	瘯	蓫	蠋	蔟	蚰	鷟	贖	䃚	䠱	娖	浊	瘃	鋜	鱁
zung1	綜	中	宗	忠	終	縱	舂	鍾	鐘	蹤	棕	盅	螽	踪	鬃	椶	忪	淙	騌	騣	琮	衷	潀	豵	鬉	鬷	夂	妐	從	悰	憃	樅	摏	㚇	㯶	嵏	翪	鏦	㙡	彸	瑽	眾	种	緵	腙	鯼	䝋	从	伀	倧	婃	嵕	嵸	従	惾	漎	猔	猣	稯	粽	糉	緫	舯	葼	蔠	賨	鈡	鍐	鯮	𩥫
zung2	種	總	腫	踵	粽	偬	傯	歱	摠	瘇	糉	尰	緫	冢	塚	揔	熜	縱	愡	憁	捴	棇	种	穜	糭	総
zung3	綜	種	縱	中	粽	眾	糉	衆	瘲	众	糭	穜	㦼	䝋	從	种	稯
zung6	仲	重	訟	誦	頌	從	唪	従	蚛
zyu1	朱	株	珠	硃	蛛	誅	諸	豬	茱	侏	瀦	櫫	洙	銖	猪	邾	姝	鼄	咮	櫧	跦	䏭	絑	䃴	娵	橥	潴	蕏	藸	袾	趎
zyu2	主	渚	煮	麈	拄	煑	丶	枓	翥	柱	陼	䬡	宔	楮	砫	鬻
zyu3	注	著	蛀	註	鑄	駐	炷	翥	疰	馵	䬡	霔	姐	鉒	殶	着	箸	紸	罜	龹
zyu4	銖
zyu5	拄
zyu6	住	箸	筯	櫡
zyun1	尊	專	磚	耑	甎	顓	鱄	塼	鐫	鑽	剸	遵	嫥	遄	鐏	湍	膞	蹲	鱒	摶	撙	躦	鄟	叀	噂	圌	朘	汆	瑼	篿	貒	鎸
zyun2	轉	囀	纂	撙	纘	噂	撰	鱒	傳	湍	篹	䔿	僎	僔	剸	籑	譔	酇	錈
zyun3	鑽	轉	攢	囀	捘	剸	欑	纂	纘	鐏	鑚	𣀹
zyun6	傳	縳
zyut3	啜	拙	輟	絀	茁	掇	綴	梲	惙	歠	裰	醊	餟	剟	咄	嘬	敠	準	黜	叕	啐	柮	錣	捽	揝	撧	攥	欼	畷	絕	蕝	毲	窋	腏	蝃	逫	鵽
zyut6	絕	蕝	撧	㡭	嘬	崒	崪	捽	撅
